﻿PubID,Term,Type
sb8b00226,-114,Chemical
"sb500300d, sb5b00002, sb5b00016, sb5b00279, sb6b00180, sb6b00219, sb6b00284, sb7b00050, sb7b00208, sb7b00265, sb7b00268, sb8b00018, sb8b00045, sb8b00176,  sb8b00084, sb8b00450, sb8b00455, sb8b00519, sb9b00008, sb9b00042, sb9b00178",-100,Chemical
sb300091d,0,Chemical
sb400158w,19:00,Chemical
"sb400112u, sb5b00289, sb7b00431",10,Chemical
"sb3001003, sb400112u, sb8b00102",11,Chemical
"sb3001003, sb400112u, sb500296p, sb6b00336, sb6b00342, sb6b00348, sb6b00387, sb7b00114, sb7b00204, sb7b00373, sb7b00465, sb8b00093, sb8b00109, sb8b00116, sb8b00481, sb9b00102, sb9b00280",13,Chemical
"sb3001003, sb6b00348, sb7b00029, sb8b00361",14,Chemical
"sb200018e, sb8b00123, sb9b00118",15,Chemical
sb400112u,16,Chemical
sb400112u,18,Chemical
sb6b00097,19,Chemical
sb6b00364,21,Chemical
sb5b00012,24,Chemical
"sb5b00253, sb5b00276, sb9b00229",31,Chemical
sb3001003,32,Chemical
"sb5b00299, sb7b00247",100,Chemical
sb8b00226,114,Chemical
sb8b00368,123,Chemical
sb6b00284,132,Chemical
sb8b00385,233,Chemical
sb6b00140,370,Chemical
sb6b00250,8000,Chemical
sb200021s,(A) O 1/,Chemical
sb5b00103,(d,Chemical
sb5b00103,(d)-,Chemical
sb400147n,(R),Chemical
"sb8b00339, sb8b00364",(S),Chemical
sb9b00123,(S)-,Chemical
sb4001273,(S)-(+)-,Chemical
"sb400019s, sb7b00425, sb8b00453",)-,Chemical
sb8b00070,) 2,Chemical
sb8b00380,) 3,Chemical
sb300069k,) scanning,Chemical
sb300123m,)-ending,Chemical
sb8b00226,)-repeat,Chemical
sb6b00138,*-,Chemical
sb6b00159,", cis -",Chemical
sb6b00336,",2)",Chemical
sb8b00239,",3-",Chemical
sb9b00280,",4",Chemical
sb8b00186,",5",Chemical
sb9b00104,",5",Chemical
sb300110b,. Î±,Chemical
sb8b00185,. Library,Chemical
sb400070q,. Starch-rich,Chemical
sb6b00166,/carbon-coated,Chemical
sb7b00265,:0,Chemical
sb7b00265,:1,Chemical
sb8b00109,[ 13,Chemical
sb5000884,[ 32,Chemical
sb8b00191,[ 32,Chemical
sb6b00348,[1-14,Chemical
sb7b00373,[2,Chemical
sb7b00373,[2-13,Chemical
sb6b00138,[6.,Chemical
sb9b00120,+)-,Chemical
sb6b00097,1-,Chemical
"sb5b00131, sb5b00303, sb7b00041, sb7b00251, sb8b00239, sb9b00003, sb9b00102","1,",Chemical
sb7b00042,"1,2-",Chemical
"sb8b00239, sb9b00003, sb9b00102","1,3",Chemical
"sb9b00003, sb9b00102","1,3-",Chemical
sb300068g,"1,4",Chemical
sb9b00280,13 C-Labeling,Chemical
sb8b00331,14-amino acid truncation,Chemical
sb5002399,15Î²,Chemical
"sb400112u, sb400156v, sb500255k, sb7b00304, sb8b00070, sb8b00134, sb8b00466",2-,Chemical
"sb6b00348, sb9b00023","2,",Chemical
sb9b00127,"2,3-",Chemical
"sb6b00027, sb6b00310, sb7b00323, sb9b00118, sb9b00208, sb9b00282",2+,Chemical
"sb500229s, sb6b00027, sb6b00245",2+-,Chemical
"sb2000275, sb500222z, sb5b00161, sb5b00250, sb5b00303, sb6b00007, sb7b00219, sb7b00304, sb8b00239, sb8b00249, sb9b00102",3-,Chemical
sb9b00068,3 ],Chemical
sb7b00383,3 + groups,Chemical
sb9b00282,3+,Chemical
"sb6b00199, sb6b00372, sb8b00388",4-,Chemical
"sb400158w, sb6b00263",4),Chemical
sb9b00023,"4,",Chemical
sb500079f,"-4,",Chemical
sb9b00171,4â€²-,Chemical
sb5b00074,5-,Chemical
sb4001992,5â€²,Chemical
"sb3000782, sb500019b, sb6b00027, sb6b00292, sb8b00249",6-,Chemical
sb8b00124,6-(,Chemical
"sb5b00100, sb8b00478",A-,Chemical
sb6b00342,A + U,Chemical
sb300028q,a = Ile,Chemical
sb6b00165,A),Chemical
sb500062p,A)-,Chemical
"sb8b00191, sb9b00165",A/,Chemical
sb9b00165,A/U,Chemical
sb9b00165,A/U-rich,Chemical
sb6b00233,âˆ’ 2 S ] 2,Chemical
sb6b00387,â€“ 1,Chemical
sb200018e,â€“ 15,Chemical
"sb300122q, sb9b00171",â€²-,Chemical
sb3000194,A+T-rich,Chemical
sb5b00228,acid analysis,Chemical
sb6b00251,affect,Chemical
"sb6b00284, sb8b00007, sb8b00075",affinity,Chemical
sb8b00450,alanine-scan,Chemical
sb4000788,alkanol chain length,Chemical
sb8b00450,amino acid binding,Chemical
"sb500234s, sb7b00465",amino acid biosynthesis,Chemical
sb7b00287,amino acid change,Chemical
"sb200002m, sb5002399, sb7b00287, sb8b00226",amino acid changes,Chemical
sb400168u,amino acid designs,Chemical
sb200019x,amino acid diversity,Chemical
sb400110j,amino acid exchanges,Chemical
sb9b00155,amino acid extensions,Chemical
sb9b00099,amino acid frequencies,Chemical
"sb5b00076, sb6b00159",amino acid identity,Chemical
"sb7b00431, sb8b00365",amino acid lengths,Chemical
"sb6b00138, sb8b00121, sb8b00135, sb8b00305, sb9b00361",amino acid position,Chemical
"sb200019x, sb5002399, sb6b00159, sb8b00305, sb9b00042, sb9b00104, sb9b00361",amino acid positions,Chemical
sb300080t,amino acid repeats,Chemical
sb8b00450,amino acid tag,Chemical
sb5b00197,aminoacylation,Chemical
sb7b00463,analogue,Chemical
sb8b00421,analogues,Chemical
sb7b00279,bacterium,Chemical
"sb300084h, sb5b00243, sb6b00157",behavior,Chemical
sb7b00199,binding,Chemical
"sb6b00342, sb7b00219, sb7b00410",C-,Chemical
sb9b00241,c),Chemical
sb4000788,carbon chain lengths,Chemical
sb8b00348,carboxyl functions,Chemical
sb9b00222,carboxylate modifications,Chemical
sb6b00165,Cartoon,Chemical
sb8b00136,Category,Chemical
"sb300093y, sb500222z, sb500229s, sb6b00040, sb6b00199, sb7b00177, sb8b00075, sb9b00030, sb9b00042, sb9b00062",cells,Chemical
sb200019x,CÎ±,Chemical
sb7b00119,Circuit,Chemical
sb300028q,coiled,Chemical
"sb200015u, sb300028q",coiled-,Chemical
sb9b00047,coils,Chemical
sb5003407,color,Chemical
sb6b00189,Colors,Chemical
sb7b00383,coordination,Chemical
sb9b00061,Culture,Chemical
"sb200019x, sb500267d, sb500368w, sb6b00097, sb6b00205, sb7b00261, sb8b00224, sb8b00426, sb9b00076",d-,Chemical
sb6b00348,D-,Chemical
sb9b00358,D = O,Chemical
sb9b00080,d l-,Chemical
sb5b00103,d),Chemical
sb7b00450,darkness,Chemical
"sb400013w, sb500300d, sb6b00387, sb7b00240",dashed,Chemical
sb8b00273,deleted,Chemical
sb500267d,derivatives,Chemical
sb300122q,Dietrich,Chemical
"sb7b00089, sb9b00047",domains,Chemical
sb8b00364,donor,Chemical
sb6b00140,"E,Z",Chemical
sb300114d,Each,Chemical
sb9b00118,fatty acid chain length,Chemical
sb8b00519,fatty acid esterification,Chemical
"sb300120n, sb4001118, sb7b00089, sb7b00089, sb8b00365",FITC-labeled,Chemical
sb400205x,flavin C8Î± methyl rotation,Chemical
sb4001118,Fluorescein-Labeled,Chemical
sb4001118,fluorescein-labeled,Chemical
sb9b00292,fluvirucin Î²-amino acid loading,Chemical
sb6b00284,FMN-Labeled,Chemical
"sb3000035, sb5b00253, sb6b00117",free,Chemical
sb6b00177,G01,Chemical
sb9b00061,genome,Chemical
sb500296p,glowed,Chemical
sb7b00029,gradient,Chemical
"sb3000063, sb5b00199, sb6b00052, sb6b00138, sb7b00316, sb8b00260, sb9b00379",group,Chemical
"sb500319p, sb8b00135",group.,Chemical
"sb4001992, sb6b00002, sb9b00219",groups,Chemical
sb8b00224,healthcare,Chemical
sb5b00158,Heat,Chemical
sb8b00076,heat,Chemical
"sb8b00045, sb8b00484, sb9b00123",heavy,Chemical
sb8b00045,Heavy,Chemical
sb6b00053,helix,Chemical
sb8b00501,helixâ€“,Chemical
sb8b00237,high,Chemical
sb8b00124,hydrogen exchange,Chemical
sb9b00219,hydroxyl position,Chemical
sb8b00176,Î´-,Chemical
"sb200002m, sb300028q, sb400065q, sb4001382, sb6b00140, sb7b00136, sb8b00048, sb8b00176, sb9b00063, sb9b00078, sb9b00168, sb9b00261",Î±-,Chemical
sb400168u,"Î±,Î±",Chemical
sb4001382,Î±/Î²-,Chemical
sb9b00127,"Î±-2,3-",Chemical
sb7b00383,Îµ-,Chemical
"sb400074w, sb4000806, sb4001382, sb400168u, sb6b00082, sb6b00140, sb6b00159, sb6b00176, sb6b00322, sb7b00100, sb7b00235, sb7b00292, sb8b00176, sb8b00261, sb8b00472, sb9b00217, sb9b00280, sb9b00358",Î²-,Chemical
sb6b00025,Î³-,Chemical
sb8b00386,Igor,Chemical
sb5b00279,II,Chemical
sb6b00364,III,Chemical
sb6b00277,image,Chemical
sb400028c,images,Chemical
sb5b00131,improve,Chemical
sb5b00131,improved,Chemical
"sb400156v, sb8b00430",improvement,Chemical
sb6b00123,improvements,Chemical
sb5b00117,Includes,Chemical
sb6b00371,insertion,Chemical
sb8b00513,intensity,Chemical
sb4000417,item,Chemical
sb6b00054,KEGG,Chemical
sb4000367,Lactic acid bacteria,Chemical
sb6b00083,Library,Chemical
sb8b00421,linear,Chemical
sb300091d,linear-,Chemical
"sb500282v, sb6b00251, sb7b00134, sb9b00030",lines,Chemical
sb6b00275,Location,Chemical
sb8b00455,lock,Chemical
"sb4000788, sb5b00069, sb7b00338, sb9b00020",long,Chemical
"sb4000788, sb7b00256",long-,Chemical
"sb3000782, sb500345t, sb8b00385",longer,Chemical
sb3000782,longer-,Chemical
sb8b00158,magnetic,Chemical
sb7b00199,Man,Chemical
sb6b00372,medium,Chemical
"sb500243c, sb6b00372",medium-,Chemical
sb300091d,medium-chain,Chemical
sb6b00200,Mostly,Chemical
"sb400156v, sb7b00466",n-,Chemical
"sb8b00123, sb9b00215, sb9b00334",N-,Chemical
sb6b00002,N-(3,Chemical
sb6b00177,N-(Î²-,Chemical
sb5b00231,network,Chemical
sb400152n,panels,Chemical
sb400126a,pathway,Chemical
sb6b00358,peak,Chemical
sb400157z,Pink,Chemical
sb5b00294,position,Chemical
sb9b00063,primary,Chemical
sb6b00222,quadruplex,Chemical
sb9b00219,quality,Chemical
"sb6b00054, sb8b00228",reactions,Chemical
sb8b00157,reading,Chemical
sb9b00175,Rebel,Chemical
"sb5b00119, sb9b00238",recently,Chemical
"sb300047u, sb8b00011, sb8b00186, sb9b00271",reducing,Chemical
sb300033q,regulation,Chemical
"sb7b00089, sb8b00224",repeat,Chemical
sb7b00179,Repeats,Chemical
"sb4000959, sb8b00521, sb9b00165",rich,Chemical
sb9b00261,scaffold,Chemical
"sb8b00450, sb9b00030, sb9b00099",score,Chemical
"sb5000059, sb8b00084",scores,Chemical
"sb8b00062, sb9b00063",secondary,Chemical
sb6b00277,server,Chemical
"sb5b00069, sb6b00176",short,Chemical
"sb400065q, sb500243c, sb6b00176, sb7b00466, sb8b00309, sb9b00020",short-,Chemical
sb9b00020,Short-,Chemical
"sb5b00240, sb8b00191",single,Chemical
sb5b00275,Single-,Chemical
sb9b00293,single-,Chemical
"sb4000959, sb5b00130, sb5b00210, sb7b00322, sb7b00396, sb7b00440",small,Chemical
sb9b00379,solid,Chemical
"sb300041z, sb400160m",Span,Chemical
"sb5b00076, sb7b00397, sb9b00417",species,Chemical
sb400065q,straight,Chemical
sb9b00237,straight-,Chemical
"sb3000782, sb4001432, sb5003357, sb6b00050, sb7b00285, sb8b00062, sb8b00289, sb8b00521, sb9b00126",strains,Chemical
sb200001q,Swimming,Chemical
sb300084h,temperature,Chemical
sb7b00413,Testing,Chemical
"sb3000723, sb400157z, sb6b00180",Texas,Chemical
sb9b00417,throughout,Chemical
sb8b00509,transition complex,Chemical
"sb400065q, sb400168u, sb5002938, sb5002938, sb500363y, sb5b00064, sb5b00107, sb5b00240, sb6b00301, sb7b00138, sb7b00266, sb7b00359, sb8b00157",variants,Chemical
sb9b00322,variants.,Chemical
sb6b00029,vector,Chemical
"sb300034m, sb300041z, sb500233u, sb500249g, sb6b00013, sb6b00189, sb6b00379, sb8b00481",volume,Chemical
sb500165g,volumes,Chemical
sb8b00309,weak,Chemical
sb400206c,with,Chemical
"sb6b00251, sb8b00331",yeast,Chemical
sb200015u,zippers,Chemical
