﻿PubID,Term,Type
sb9b00318,((âˆ’)-4â€²-desmethylepipodophyllotoxin),Chemical
sb9b00019,(3-aminopropyl)Â­triethoxysilane,Chemical
sb8b00525,(5%-phenyl)-methylpolysiloxane,Chemical
sb9b00318,(âˆ’)-4â€²-desmethylepipodophyllotoxin,Chemical
sb400115e,(âˆ’)-trans-caryophyllene,Chemical
sb5b00103,(d)-xylulose-1-phosphate,Chemical
sb7b00304,(di)Â­acids,Chemical
sb5b00034,(dT-carboxy tetramethyl-rhodamine),Chemical
sb8b00525,(E)-4-methyl-isoprenol,Chemical
sb400019s,(poly)peptides,Chemical
sb7b00029,(R)-(+)-boc-2-tert-butyl-3-methyl-4-imidazolidinone,Chemical
"sb6b00230, sb8b00345",(R)-(âˆ’)-3-hydroxybutyryl-CoA,Chemical
sb8b00274,"(R)-1,2-bisÂ­(3,5-dimethoxyphenyl)-2-hydroxyethanone",Chemical
sb8b00274,(R)-2-hydroxy-1-phenylpropanone,Chemical
sb4000355,(R)-3-hydroxybutyryl-SNAc,Chemical
sb400110j,(R)-4-methyl-2-pentanol,Chemical
sb5b00025,(R)-hydroxystrictosidine,Chemical
sb9b00123,(R)-phenylethanediol,Chemical
sb8b00364,(S)-1-Aminoindan,Chemical
sb8b00364,"(S)-1-phenyl-1,2-ethanediol",Chemical
sb8b00364,"(S)-1-phenylethane-1,2-diol",Chemical
sb8b00364,(S)-2-amino-1-phenylethanol,Chemical
sb9b00187,(S)-2-hexanol,Chemical
sb8b00364,(S)-2-hydroxybenzeneacetaldehyde,Chemical
sb3000782,(S)-3-Hydroxybutryate,Chemical
sb4000355,(S)-3-hydroxybutyryl-SNAc,Chemical
sb8b00364,(S)-epoxides,Chemical
sb5b00025,(S)-hydroxystrictosidine,Chemical
sb8b00364,(S)-Î±-MBA,Chemical
sb9b00123,(S)-phenylethanediol,Chemical
sb9b00175,(Z)-4-Hydroxytamoxifen,Chemical
sb8b00525,(Z)-4-methyl-IPP,Chemical
sb8b00525,(Z)-4-methyl-isoprenol,Chemical
sb300128r,(Z)-p-hydroxyphenylacetaldoxime,Chemical
sb6b00176,")-3-oxo-2,4-dimethyl-5-hydroxy-heptanoic acid-Î´-lactone",Chemical
sb5b00025,)-hydroxystrictosidine,Chemical
sb9b00123,)-phenylethanediol,Chemical
sb9b00104,",3â€²-phosphodiester",Chemical
sb9b00210,",6â€²-DiÂ­(O-thiosalicyl)Â­fluorecein",Chemical
sb9b00123,. (R)-Phenylethanediol,Chemical
sb5b00289,. 10-Hydroxygeraniol,Chemical
sb200018e,". 2,5-Dimetoxy-3-undecyl-1,4-benzoquinone",Chemical
sb8b00466,". 2-Amino-1,3-propanediol",Chemical
sb6b00033,. Agalacticin,Chemical
sb8b00176,. Amyrins,Chemical
sb8b00361,. Atolypene,Chemical
sb8b00260,. Biotin-(PEG) 4-alkyne,Chemical
sb6b00013,. Citrine,Chemical
sb9b00255,. Diacids,Chemical
sb5b00025,. Hydroxytrytophan,Chemical
"sb6b00136, sb6b00372",. Î´-Valerolactam,Chemical
sb9b00001,. Indigodidine,Chemical
sb6b00342,. Iodoacetamide,Chemical
sb8b00348,. Isopropyl-Î²-d-thiogalactopyranosid,Chemical
"sb400050k, sb7b00072",. Isopropyl-Î²-d-thiogalactopyranoside,Chemical
sb6b00387,. MTCA,Chemical
sb8b00388,. Mycosporines,Chemical
sb8b00276,. NAD,Chemical
sb5b00133,. ortho-Nitrophenyl-Î²-galactoside,Chemical
sb8b00199,. Phosphoesters,Chemical
sb8b00528,. Polyimide-insulated,Chemical
sb7b00460,. POPC,Chemical
sb3000063,. Rhodamine-dextran,Chemical
sb200018e,. Saclofen,Chemical
sb7b00208,. Tocilizumab,Chemical
sb6b00261,. Tryptone,Chemical
sb6b00323,. Violacein/Deoxyviolacein,Chemical
sb6b00138,.0]Â­nonyne-lysine,Chemical
sb3000035,/FITC,Chemical
sb8b00525,/methanol/2-propanol,Chemical
sb8b00361,[ C] l-leucine,Chemical
sb7b00280,[35S]-methionine,Chemical
sb300128r,[U-14 C]Â­(Z)-p-Hydroxyphenylacetaldoxime,Chemical
sb300128r,[U-14C] p-hydroxyphenylacetaldoxime,Chemical
sb5b00253,1-(2-deoxy-Î²-d-ribofuranosyl)-4-iodo-2-nitropyrrole,Chemical
sb5b00253,1-(2-deoxy-Î²-d-ribofuranosyl)-4-iodo-2-nitropyrrole,Chemical
sb7b00359,"1-(3-(trifluoromethyl)-5,6-dihydro-[1,2,4]Â­triazoloÂ­[4,3-a ]Â­pyrazin-7Â­(8 H)-yl)Â­butane-1,3-dione",Chemical
sb9b00063,1-(3-bromophenyl)Â­ethan-1-amine,Chemical
sb9b00063,1-(3-methoxyphenyl)Â­ethan-1-amine,Chemical
sb8b00364,"1,10-decanediol",Chemical
sb8b00364,"1,10-diamine",Chemical
sb3000063,"1,2-dioleoyl-sn-glycero-3-phophoglycerol",Chemical
sb8b00045,"1,2-dioleoyl-sn-glycero-3-phosphoethanolamine-N-(7-nitro-2-1,3-benzoxadiazol-4-yl)",Chemical
sb8b00364,"1,2-diols",Chemical
sb8b00364,"1,2-hydroxylamine",Chemical
sb7b00042,"1,2-PD",Chemical
sb9b00393,"1,3,4-trichlorobenzene.",Chemical
sb7b00136,"1,3-dibromopropane",Chemical
sb8b00213,"1,3-dimethyl-2-phenyl-2,3-dihydro-1 H-benzoimidazole",Chemical
"sb5b00303, sb8b00239, sb9b00003, sb9b00102","1,3-PDO",Chemical
sb300068g,"1,4-glucosidic",Chemical
"sb300091d, sb7b00136","1,5-pentanediol",Chemical
sb8b00324,"1,6-allolactose",Chemical
sb5b00253,"1,7-octadiyne",Chemical
sb7b00086,10-formyl-THFî—¸the,Chemical
sb5b00289,10-hydroxycitronellol,Chemical
sb5b00289,10-hydroxygeranial,Chemical
sb5b00289,10-hydroxygeraniol,Chemical
sb5b00289,10-hydroxylinalool,Chemical
sb5b00025,10-hydroxystrictosidine,Chemical
sb5b00289,10-oxogeranial,Chemical
sb5b00289,10-oxogeraniol,Chemical
sb8b00121,11a-hydroxy-anhydrotetracycline,Chemical
sb7b00331,123THB,Chemical
sb3001326,12COD,Chemical
sb7b00425,12-HSL,Chemical
sb5b00199,13-cis-Î²-carotene,Chemical
sb3001003,14-deoxyoligomycin A,Chemical
sb5002399,15Î²â€“OHT,Chemical
sb5002399,15Î²-OHT,Chemical
sb9b00195,16-amino-acid,Chemical
sb5002399,16Î²-OHT,Chemical
sb8b00242,17a-progesterone,Chemical
sb400109p,17Î²-estradiol,Chemical
sb6b00295,187-amino-acids,Chemical
sb5002399,19-OHT,Chemical
sb6b00387,1-acetyl-Î²-carboline,Chemical
sb7b00338,1-alkene,Chemical
sb8b00049,1B2OT,Chemical
sb300091d,1-C3OH,Chemical
sb300091d,1-C4OH,Chemical
sb300091d,1-C5OH,Chemical
sb7b00072,1-deoxyxylulose,Chemical
sb9b00020,1-dodecan-d 25-ol,Chemical
sb8b00365,1-ethyl-3-(3-(dimethylamino)Â­propyl)Â­carbodiimide,Chemical
sb5002399,1Î²-OHT,Chemical
sb400168u,1-naphthylalanine,Chemical
sb5b00253,1-nitrogen,Chemical
sb400202s,1-N-phenylnaphthylamine,Chemical
sb7b00199,1-O-methyl-ÃŸ-d-galactopyranoside,Chemical
"sb400094c, sb500249g, sb7b00460",1-palmitoyl-2-oleoyl-sn-glycero-3-phosphocholine,Chemical
sb400168u,1-pyrenylalanine,Chemical
sb8b00084,"2,3-bisÂ­(2-methyloxy-4-nitro-5-sulfophenyl)-2 H-tetrazolium-5-carboxanilide",Chemical
sb6b00025,"2,3-dichloro-1-propanol",Chemical
sb400147n,"2,3-dichloropropane-1-ol",Chemical
sb7b00304,"2,3-didehydrobenzoate",Chemical
sb9b00008,"2,3-dihyroxybenzoate",Chemical
sb9b00168,"2,3-trans-oxazolidinone",Chemical
sb7b00150,"2,4-diamino-5-(1â€²-Î²-d-2â€²-deoxyribofuranosyl)-pyrimidine",Chemical
sb9b00102,"2,4-dihydroxybutyrate",Chemical
sb7b00099,"2,4-dimethyl-3-ethylpyrrole",Chemical
sb7b00099,"2,4-dimethylpyrrole",Chemical
sb6b00025,"2,5-DCHQ",Chemical
sb9b00417,"2,5-dibromo-6-isopropyl-3-methyl-1,4-benzoquinone",Chemical
sb200018e,"2,5-Dihydroxy-3-heptyl-1,4-benzoquinone",Chemical
sb200018e,"2,5-Dimetoxy-3-undecyl-1,4-benzoquinone",Chemical
sb500319p,"2,7-dichlorofluoresceine",Chemical
sb7b00157,23BD,Chemical
sb400074w,2â€²-Deoxy-4â€²-thioadenosine 5â€²-Triphosphate,Chemical
sb400074w,2â€²-deoxy-4â€²-thiocytidine,Chemical
sb400074w,2â€²-deoxy-4â€²-thiocytidine 5â€²-triphosphates,Chemical
sb400074w,2â€²-Deoxy-4â€²-thioguanosine 5â€²-Triphosphate,Chemical
sb400074w,2â€²-deoxy-4â€²-thionucleoside 5â€²-triphosphates,Chemical
sb400074w,2â€²-deoxy-4â€²-thionucleosides,Chemical
sb400074w,2â€²-deoxy-4â€²-thioribonucleoside 5â€²-triphosphate,Chemical
sb400074w,2â€²-deoxy-4â€²-thiothymidine,Chemical
sb400074w,2â€²-deoxy-5-ethyl-4â€²-thiouridine 5â€²-triphosphate,Chemical
sb5b00276,2â€²-deoxy-5-methylisocytidine,Chemical
sb5b00276,2â€²-deoxy-7-deazaisoguanosine,Chemical
sb400065q,-2â€²-deoxyguanosine-5â€²-triphosphate,Chemical
sb6b00224,2â€²-deoxyisocytidine,Chemical
sb5b00276,"2â€²-Deoxy-N 6-[(diisobutylamino)-methylidene]-5â€²-O-(4, 4â€²-dimethoxytrityl)-O 2-(diphenylcarbamoyl)-7-deazaisoguanosine",Chemical
"sb400065q, sb9b00274",2â€²-deoxy-p-nucleoside-5â€²-triphosphate,Chemical
sb400074w,2â€²-deoxyribonucleoside 5â€²-triphosphates,Chemical
sb5b00276,2â€²-dexoyiso-guanosine,Chemical
sb8b00436,2â€²-FG,Chemical
sb8b00436,2â€²-Fucosylagarobiose,Chemical
sb8b00436,2â€²-fucosylcellobiose,Chemical
sb8b00436,2â€²-fucosylgalactose,Chemical
sb8b00436,2â€²-fucosylglucose,Chemical
sb6b00010,2â€²-O-methylribonucleotides,Chemical
sb6b00328,2-aceto-2-hydroxybutyrate,Chemical
sb8b00466,"2-Amino-1,3-propanediol",Chemical
sb6b00224,2-amino-3-nitropyridin-6-one,Chemical
sb6b00224,2-amino-3-nitropyridin-6-one 2â€²-deoxyriboside,Chemical
sb8b00466,2-APD,Chemical
sb5b00225,2C4NP,Chemical
sb5b00225,2-chloro-4-nitrophenol,Chemical
sb9b00318,2-chloro-4-trifluoromethylphenol,Chemical
sb9b00077,"2-C-methyld-erythritol-2,4-cyclodiphosphate",Chemical
sb7b00072,"2-C-methyl-d-erythritol-2,4-cyclodiphosphate",Chemical
sb8b00258,"2-C-methylerythritol 2,4-cyclo-diphosphate",Chemical
sb8b00388,2-demethyl 4-deoxygadusol,Chemical
sb6b00030,2-deoxy-2-fluoro-l-rhamnose,Chemical
sb8b00049,2-deoxy-d-ribose-1-phosphate,Chemical
sb6b00097,2-fluoro-2-deoxy-d-galactose,Chemical
sb5b00111,2HBP,Chemical
sb9b00255,2HG,Chemical
sb400052f,2-hydroxy-[4-(hydroxyethoxy)]-2-methyl-1-propanone,Chemical
sb6b00002,2-hydroxy-2-methyl-propiophenone,Chemical
sb5002399,2Î²-OHT,Chemical
sb9b00102,2-keto-4-hydroxybutyrate,Chemical
sb9b00105,2-keto-4-hydroxy-octanoate,Chemical
sb6b00230,2-keto-6-phosphogluconate,Chemical
sb500309r,2-l-naphthylalanine,Chemical
sb7b00421,2-lysidine,Chemical
sb8b00130,2Malate,Chemical
sb400166j,2-melcaptometanol,Chemical
sb7b00099,2-methyl-3-alkyl-prodiginines,Chemical
sb7b00099,2-methyl-3-amylpyrrole,Chemical
sb3000657,2-methyl-3-n-amyl-pyrrole,Chemical
sb6b00061,2-methyl-4-nitrophenol,Chemical
sb8b00348,2-methylsuccinate,Chemical
sb8b00466,"2-nitro-1,3-propanediol",Chemical
"sb5b00253, sb7b00150, sb7b00165",2-nitro-4-propynylpyrrole,Chemical
sb7b00165,2-nitropyrrole,Chemical
sb9b00080,2-oxobutyryl,Chemical
sb9b00368,3-(2-amino-3-hydroxyphenyl)-3-oxopropanal,Chemical
sb8b00045,"3-(3V,4V-dichlorophenyl)-1,1-dimethylurea)",Chemical
"sb8b00135, sb9b00164","3,3â€²,5,5â€²-tetramethylbenzidine",Chemical
sb9b00280,"3,3â€²-dihydroxylated",Chemical
sb9b00280,"3,3â€²-hydroxy-Î²,Î²-carotene-4,4â€²-dione",Chemical
sb7b00466,"3,3-dimethylacrylyl-CoA",Chemical
sb6b00159,"3,4-catecholate",Chemical
sb9b00171,"3,4-didehydroglabridin",Chemical
sb8b00047,"3,4-HBA",Chemical
sb8b00436,"3,6-anhydro-l-galactose",Chemical
sb9b00105,"3,6-Dimethylsalicyclyl-CoenzymeA",Chemical
sb6b00330,3-[(3-cholamido-propyl)-dimethylammonio]-1-propanesulfonate,Chemical
sb8b00426,"3â€²-azido-2â€²,3â€²-dideoxythymidine",Chemical
sb9b00077,3â€²-Azido-3â€²-deoxythymidine,Chemical
sb5b00276,3â€²-O-acetyl-2â€²-deoxy-O 2-(diphenylcarbamoyl)-N 6-(diisobutylaminomethylidene)-7-deazaisoguanosine,Chemical
sb9b00078,3â€²-phospho-nucleoside,Chemical
sb4000355,"3-amino-3,6-dideoxy-l-talopyranose",Chemical
"sb6b00027, sb8b00145",3-amino-acid,Chemical
sb5b00062,3-aminopropyltrimethoxysilane,Chemical
sb8b00242,3-aminotriazole,Chemical
sb8b00070,3-chromanols,Chemical
sb8b00380,3-deoxy-d-heptulosonate-7-phosphate,Chemical
sb8b00388,3-DHQ,Chemical
sb7b00129,3-DHS,Chemical
sb8b00070,3-geranyl-substituted,Chemical
sb6b00145,3-Halo-Tyrosine,Chemical
sb6b00145,3-halo-tyrosine,Chemical
sb6b00145,3-halo-tyrosines,Chemical
sb6b00145,3-halo-tyrosines21,Chemical
sb8b00047,3-HBA,Chemical
"sb6b00230, sb8b00345",3-HB-CoA,Chemical
sb6b00136,3-HBL,Chemical
sb8b00093,3-hexuloisomerase,Chemical
"sb5b00303, sb9b00003, sb9b00102",3-HPA,Chemical
sb9b00291,3H-thymidine,Chemical
sb3000782,3-hydrobutyrate,Chemical
sb3000782,3-hydrobutyryl-CoA,Chemical
"sb6b00154, sb7b00466, sb8b00398",3-hydroxy-3-methyglutaryl-CoA,Chemical
"sb3000782, sb4000355, sb6b00230, sb8b00345, sb9b00033",3-hydroxybutryate,Chemical
sb9b00280,3-hydroxy-Î²-ionone,Chemical
sb9b00368,3-hydroxykynuramine,Chemical
sb8b00070,3-hydroxyl-4-HBA,Chemical
sb400112u,3-hydroxyphenol,Chemical
"sb5b00303, sb8b00239, sb9b00003, sb9b00102",3-hydroxypropionaldehyde,Chemical
sb7b00058,3-hydroxytridecan-4-one,Chemical
sb6b00387,3Î±-(S)-strictosidine,Chemical
sb6b00245,3-iodo-phenylalanine,Chemical
sb5b00197,3-I-Phe,Chemical
sb5b00197,3-I-Phe-containing,Chemical
sb5b00197,3-I-Phe-tRNA,Chemical
sb5b00197,3-I-Phe-tRNAPyl,Chemical
sb8b00049,3-ketovaleryl-CoA,Chemical
sb9b00068,3-Me-d-Asp,Chemical
sb300091d,3-methyl-1-pentanol,Chemical
sb6b00176,3-methyl-2-pentanone,Chemical
sb4000355,3-methylaspartate,Chemical
sb4000355,3-methyl-Î²-alanine,Chemical
sb9b00191,3-metilbenzoate,Chemical
sb9b00191,3-metil-benzoate,Chemical
sb7b00219,3OC12-HSL,Chemical
"sb5b00286, sb6b00036, sb7b00119, sb7b00322",3OC6,Chemical
sb4000965,3OC6HSL,Chemical
sb7b00405,3-OH-C14:1-HSL,Chemical
sb6b00038,3-oxo-acyl-ACP,Chemical
"sb5b00147, sb5b00286, sb7b00405, sb8b00002",3-oxo-C6-HSL,Chemical
"sb5b00286, sb7b00405",3-oxo-C8-HSL,Chemical
sb9b00280,3PGA,Chemical
"sb400206c, sb6b00010, sb8b00276",3-PGA,Chemical
sb6b00143,3-phosphoadenosine 5-phosphosulfate,Chemical
sb8b00525,"4,12-dimethyl-GGPP.",Chemical
sb8b00525,"4,4-dimethyl-DMAPP",Chemical
sb8b00525,"4,4-dimethyl-IPP",Chemical
sb8b00525,"4,4-dimethyl-isoprenol",Chemical
sb8b00525,"4,4-dimethyl-prenol",Chemical
sb400068z,"4,5-dihydroxy-2,3-pentanedione",Chemical
sb7b00235,"4,5-dihydroxy-2-cyclopenten-1-one",Chemical
sb7b00235,"4,5-Dihydroxy-2-Cyclopenten-1-One",Chemical
sb8b00260,"4,5-dimethoxy-2-nitrobenzyl-l-serine",Chemical
sb8b00525,"4,5-dimethyl-DMAPP",Chemical
sb6b00199,"4,6-Diamino-2-hydroxy-1,3,5-triazine",Chemical
sb9b00168,"4,6-O-benzylidenyl",Chemical
sb9b00168,"4,6-O-di-tert-butylsilylene",Chemical
sb8b00385,40-phytoene,Chemical
sb8b00385,45-phytoene,Chemical
sb9b00104,48 amino acid,Chemical
"sb5b00080, sb6b00180, sb8b00018, sb8b00448","4â€²,6-diamidino-2-phenylindole",Chemical
sb9b00318,4â€²-desmethylepipodophyllotoxin,Chemical
sb500341a,4â€²-hydroxyflavone,Chemical
sb400074w,4â€²-sulfur,Chemical
sb400074w,4â€²-thioribonucleosides,Chemical
sb6b00372,4-ABA,Chemical
sb7b00048,4-acetyl-l-phenylalanine.,Chemical
sb7b00296,4-amino-2-methyl-5-(diphosphomethyl)Â­pyrimidine,Chemical
sb6b00373,4-azido-l-phenylalanine,Chemical
sb8b00260,4-azidomethyl-l-phenylalanine,Chemical
sb7b00199,4-borono-d/l-phenylalanine,Chemical
sb8b00281,4-carboxy-2-hydroxymuconate-6-semialdehyde,Chemical
sb9b00105,4-chlorobenzhydrylamine,Chemical
sb8b00227,4-chloro-bormo-,Chemical
sb7b00363,4-chloro-dl-phenylalanine,Chemical
sb9b00368,4-chlorokynurenine,Chemical
sb9b00368,4-chloro-l-kynurenine,Chemical
sb6b00038,4-demethylbarbamide A,Chemical
sb6b00387,4-dimethylallyltryptophan,Chemical
sb8b00258,4-diphosphocytidyl-2-C-methyl-d-erythritol,Chemical
"sb9b00077, sb9b00280",4-diphosphocytidyl-2-C-methylerythritol,Chemical
sb8b00534,4-F-Trp,Chemical
sb6b00372,4-guanidinobutyrl-CoA,Chemical
sb6b00372,4-guanidinobutyryl-CoA,Chemical
"sb7b00129, sb8b00047, sb8b00070",4-HBA,Chemical
"sb7b00385, sb8b00457",4-HPA,Chemical
"sb7b00385, sb8b00339",4-HPAA,Chemical
sb3000657,"4-hydroxy-2,2â€²-bipyrrole-5-cabaldehyde",Chemical
sb9b00003,4-hydroxy-2-ketobutyrate,Chemical
sb9b00003,4-hydroxy-2-ketobutyrate.,Chemical
sb7b00029,4-hydroxy-2-oxobutanoate,Chemical
sb7b00251,4-hydroxybutyraldehyde,Chemical
sb3000657,"4-methoxy-2,2â€²-bipyrrole-5-carbaldehyde",Chemical
sb5b00274,4-methyl-3-phenylcoumarin,Chemical
sb8b00525,4-methyl-DMAPP,Chemical
sb8b00525,4-methyl-farnesol,Chemical
sb8b00525,4-methyl-FPP,Chemical
sb8b00525,4-methyl-geraniol,Chemical
sb8b00525,4-Methyl-GPP,Chemical
sb9b00008,4-methylhexanoate,Chemical
sb8b00525,4-methyl-IPP,Chemical
sb8b00525,4-methyl-isoprenol,Chemical
sb8b00525,4-methyl-prenol,Chemical
sb7b00256,4-methylthio-2-oxohexanoate,Chemical
sb400070q,4-methylumbelliferyl-Î²-d-xyloside,Chemical
sb8b00534,4-Me-Trp,Chemical
sb8b00534,4-nitro-indole,Chemical
sb400112u,4-nitrophenol-generating,Chemical
sb8b00534,4-NO 2-l-tryptophan,Chemical
"sb7b00397, sb9b00229",4-O-demethylbarbamide,Chemical
sb9b00318,4-O-Î²-d-glucopyranoside,Chemical
sb9b00318,4-O-Î²-d-glucopyranoside of,Chemical
sb5b00253,4-pentyn-1-ol,Chemical
"sb5b00253, sb9b00087",4-propynylpyrrole-2-carbaldehyde,Chemical
sb9b00108,4-tert-butylcatechol,Chemical
sb5b00119,5(6)-TAMRA,Chemical
sb7b00373,"5,10-methyl-THF",Chemical
sb8b00385,50-lycopene,Chemical
sb8b00385,50-phytoene,Chemical
sb8b00385,55-phytoene,Chemical
sb7b00450,5â€²deoxyadenosylcobalamin,Chemical
sb7b00165,5â€²-purine-Ds-pyrimidine-3â€²,Chemical
sb7b00165,5â€²-pyrimidine-Ds-purine-3â€²,Chemical
sb6b00370,5-amino-2-nitrobenzoyl,Chemical
"sb5b00129, sb6b00136, sb6b00372",5-AVA,Chemical
sb8b00048,5-aza-dCTP import,Chemical
"sb400050k, sb6b00061, sb6b00339, sb7b00363, sb9b00293, sb9b00361",5-bromo-4-chloro-3-indolyl-Î²-d-galactopyranoside,Chemical
sb5b00025,5-chlorotryptamine,Chemical
sb6b00387,5-DMATS,Chemical
sb3001326,5-ethylthiotetrazole,Chemical
sb3001326,5-Ethylthiotetrazole,Chemical
sb8b00534,5-F-l-Trp,Chemical
"sb200013j, sb500062p",5FOA,Chemical
"sb200013j, sb400177x, sb500062p, sb500363y, sb500366v, sb5b00007, sb5b00074, sb6b00339, sb8b00020, sb8b00121, sb8b00529, sb8b00535, sb9b00118",5-FOA,Chemical
sb8b00534,5-F-Trp,Chemical
sb5b00129,5-FVA,Chemical
sb500341a,5-hydroxymethyl-dCTP,Chemical
sb7b00264,5-hydroxy-Trp,Chemical
sb400194g,5Î±-colestane,Chemical
sb8b00534,5-MeO-Trp,Chemical
sb6b00097,5-Methylindole,Chemical
"sb6b00097, sb8b00124",5-methylindole,Chemical
sb8b00525,5-Methyl-IPP,Chemical
sb8b00525,5-methyl-IPP,Chemical
sb5b00276,5-methylisocytosine,Chemical
sb8b00525,5-methyl-isoprenol,Chemical
sb8b00534,5-Me-Trp,Chemical
sb5b00129,5-NH 2-valerate,Chemical
sb8b00115,5-phospho-Î±-d-ribosyl-1-pyrophosphate,Chemical
sb8b00110,"6,8-difluoro-4-methylumbelliferone",Chemical
sb8b00385,60-carotenoids.,Chemical
sb8b00385,60-phytoene,Chemical
sb8b00385,65-phytoene,Chemical
sb5b00172,6-amino-5-nitro-3-(1â€²-Î²-d-2â€²-deoxyribofuranosyl)-2Â­(1 H)-pyridone,Chemical
sb6b00176,6-dEB,Chemical
sb6b00030,6-deoxy-d-gulose,Chemical
sb6b00030,6-deoxy-l-altrose,Chemical
sb8b00534,6-F-Trp,Chemical
sb8b00239,6-glucose,Chemical
sb7b00425,6-HSL,Chemical
sb7b00264,6-hydroxy-Trp,Chemical
sb7b00421,6-isopentenyladenosine-37,Chemical
sb8b00421,6-methyl-tetrazine-sulfo-Cy3,Chemical
sb7b00256,6-methylthio-2-oxohexanoate,Chemical
sb5b00199,6-phosphoÂ­gluconolactone,Chemical
sb8b00116,6-phospho-gluconate,Chemical
sb8b00466,6-phosphoglucono-Î´-lactone,Chemical
sb7b00165,"7-(2,2â€²-bithien-5-yl) imidazoÂ­[4,5-b ]Â­pyridine",Chemical
"sb7b00150, sb7b00165","7-(2-thienyl)Â­imidazoÂ­[4,5-b ]Â­pyridine",Chemical
"sb5b00253, sb9b00087","7-(2-thienyl)-imidazoÂ­[4,5-b ]Â­pyridine",Chemical
sb9b00171,"7,4â€²-di-O-glucoside",Chemical
sb8b00385,70-phytoene,Chemical
sb9b00368,"7-chloro-2-carboxy-4,8-dihydroxyquinoline",Chemical
sb9b00368,"7-chloro-4,8-dihydroxyquinoline",Chemical
sb9b00368,7-chloro-4-hydroxyquinoline,Chemical
sb8b00121,7-chlortetracycline,Chemical
sb5b00276,7-Deaza-2â€²-deoxyisoguanosine 5â€²-Triphosphate,Chemical
sb5b00276,7-deazaisoG,Chemical
sb5b00276,7-deazaisoGTP,Chemical
sb5b00276,7-deazaisoguanine,Chemical
sb5b00276,7-deaza-isoguanine,Chemical
sb5b00276,7-deazaisoguanosine,Chemical
sb9b00104,7-deaza-tGTP,Chemical
sb6b00387,7-DMA-MTCAs,Chemical
sb6b00387,7-DMATS.,Chemical
sb8b00121,7-iodtetracycline,Chemical
sb6b00370,7-methoxycoumarinyl-4-acetyl,Chemical
sb8b00534,7-Me-Trp,Chemical
sb7b00281,80-amino-acid,Chemical
sb9b00060,8Feâ€“7S,Chemical
sb400074w,8-hydroxy-dGTP,Chemical
sb8b00525,8-methyl-geraniol,Chemical
sb8b00525,8-methyl-GPP,Chemical
sb9b00274,8-oxo-2â€²-deoxyguanosine-5â€²-triphosphate,Chemical
sb4000367,A3APO,Chemical
sb8b00070,AA-CoA,Chemical
sb500003x,AAG/AAA,Chemical
sb8b00305,aa-tRNA,Chemical
sb9b00076,aa-tRNA/aa-,Chemical
sb9b00076,aa-tRNA/aa-RS,Chemical
sb6b00245,aa-tRNAs,Chemical
sb8b00036,ABEA-,Chemical
"sb7b00285, sb7b00428, sb8b00509, sb9b00164",ABTS,Chemical
sb7b00285,ABTS +,Chemical
sb400197f,Acdoc,Chemical
sb7b00072,acetone/EtOH,Chemical
sb300080t,acetone/methanol,Chemical
sb7b00398,acetoneâ€“butanolâ€“ethanol,Chemical
sb8b00093,acetyalcetone,Chemical
sb6b00392,Ac-IEPD-,Chemical
sb5b00231,acrylamide/bis-acrylamide,Chemical
sb6b00200,ACTG,Chemical
"sb7b00034, sb8b00215, sb8b00472, sb9b00020",acyl-ACP,Chemical
"sb400158w, sb9b00020",acyl-ACPs,Chemical
sb9b00358,acyldepsipeptide,Chemical
sb8b00271,acyl-HSL,Chemical
sb8b00271,acyl-HSLs,Chemical
sb6b00372,acyl-OAMP,Chemical
sb6b00199,adenine-sensing,Chemical
sb8b00213,Ado-Cbi,Chemical
sb8b00213,ado-cobinamide,Chemical
sb6b00061,ADP-l-glycerol-d-mannoheptose,Chemical
sb7b00235,ADP-L-Î²-d-heptose,Chemical
"sb300119v, sb500331x, sb5b00073, sb5b00279, sb6b00374, sb7b00101, sb7b00390, sb9b00131, sb9b00379",Ag/AgCl,Chemical
sb6b00033,agalacticin,Chemical
sb6b00033,agalacticin.,Chemical
sb8b00436,agarobiose,Chemical
sb8b00436,agarooligosaccharides,Chemical
sb7b00408,AGGA,Chemical
sb8b00158,agmatina,Chemical
sb5b00129,AKP,Chemical
sb300037w,Ala146,Chemical
sb7b00287,Ala16,Chemical
sb6b00097,Ala33,Chemical
sb300037w,Ala443,Chemical
sb8b00509,Ala458,Chemical
sb8b00215,Ala59,Chemical
sb400110j,Ala93,Chemical
sb400110j,Ala93Met,Chemical
sb400065q,Ala942Thr,Chemical
sb7b00099,alkeneâ€“pyrrole,Chemical
sb8b00421,alkene-bearing,Chemical
sb7b00099,alkene-pyrrole,Chemical
sb7b00099,alkene-pyrroles,Chemical
sb6b00245,alkenes/alkynes,Chemical
sb8b00498,AlKSO,Chemical
sb7b00466,alkylmalonyl-CoA,Chemical
sb8b00260,alkyne-containing,Chemical
sb9b00051,AlkyneLys,Chemical
sb6b00245,alkynes/alkenes,Chemical
sb5b00253,alkynylated,Chemical
sb7b00214,allophycocyanin,Chemical
sb5b00199,All-trans-Î²-carotene,Chemical
sb8b00175,aloesponarin,Chemical
"sb3000436, sb7b00209, sb8b00018",alphoid,Chemical
sb8b00018,alphoid tetO,Chemical
sb4000806,alteramide A,Chemical
sb4000367,Alyteserin,Chemical
sb400160m,amine-to-sulfhydryl,Chemical
sb5b00197,aminoacylated,Chemical
sb8b00466,amino-containing,Chemical
sb6b00284,aminoisoflavone,Chemical
sb3001084,aminovinyl-cysteine,Chemical
sb3001084,aminovinyl-cysteines,Chemical
sb3001003,"amorpha-1,4-diene",Chemical
"sb5b00161, sb5b00303, sb6b00377, sb7b00185, sb8b00398, sb8b00470, sb9b00077, sb9b00217",amorphadiene,Chemical
sb7b00200,ampicillin/carbenicillin,Chemical
sb7b00087,ampicillin/tetracycline,Chemical
sb8b00113,anakinra,Chemical
sb7b00264,antamanide,Chemical
sb7b00396,Apidaecin,Chemical
sb7b00396,apidaecin,Chemical
sb7b00396,apidaecins,Chemical
sb300119v,apopolypeptide,Chemical
"sb3000436, sb6b00371",aprotinin,Chemical
sb9b00137,aptamer-2,Chemical
sb400206c,aptamer-L3,Chemical
sb500062p,aptazyme,Chemical
sb500062p,Aptazyme,Chemical
"sb500062p, sb6b00224, sb8b00213",aptazymes,Chemical
sb6b00364,aquaglycerol,Chemical
sb3000063,Ar/ArKr,Chemical
sb3000063,Arg/Lys-belt,Chemical
sb9b00080,Arg16,Chemical
sb3000063,Arg17,Chemical
sb3000063,Arg22,Chemical
sb8b00215,Arg296,Chemical
sb8b00070,Arg43,Chemical
sb400168u,Arg456,Chemical
sb9b00080,Arg5,Chemical
sb3000904,Arg78,Chemical
sb8b00455,Arg839,Chemical
sb6b00245,Arg-codons,Chemical
sb8b00007,ArgHCl,Chemical
sb8b00188,Arg-HCl,Chemical
sb7b00050,Arginine-rich,Chemical
sb6b00245,Argon-ion,Chemical
sb7b00396,Arg-rich,Chemical
sb9b00023,argyrin,Chemical
sb9b00023,Argyrin,Chemical
sb9b00023,argyrins,Chemical
sb9b00023,Argyrins,Chemical
sb9b00023,argyrins.,Chemical
"sb5b00111, sb6b00364",arsenic-free,Chemical
sb5b00111,arsenite-containing,Chemical
sb300087n,Arsenite-Iodate-Chlorite,Chemical
sb500079f,artimisininî—¸a,Chemical
sb7b00247,ARTP,Chemical
sb6b00364,AsÂ­(III)/Sb,Chemical
sb5b00111,AsIII,Chemical
sb7b00199,Asn134,Chemical
sb400065q,Asn144Ser,Chemical
sb8b00215,Asn222,Chemical
sb8b00215,Asn283,Chemical
sb400074w,Asn564,Chemical
sb6b00027,Asn-Pro-Leu-Phe-Phe,Chemical
sb400065q,Asp174Asn,Chemical
sb6b00392,Asp194,Chemical
sb5b00131,Asp212,Chemical
sb8b00215,Asp220,Chemical
sb8b00084,Asp25,Chemical
sb8b00215,Asp281,Chemical
sb9b00051,Asp286,Chemical
sb7b00428,Asp356,Chemical
sb7b00428,Asp380,Chemical
sb200002m,Asp-84,Chemical
sb6b00366,asparagine-linked,Chemical
sb8b00070,aspartate-rich,Chemical
sb8b00330,aspartic-acid-based,Chemical
sb5b00075,aspartylphosphate,Chemical
sb400059y,aspartyl-phosphate,Chemical
sb5b00075,aspartyl-semialdehyde,Chemical
sb6b00392,Asp-Asp-Asp-Asp-Lys,Chemical
"sb6b00036, sb8b00055, sb8b00227",asRNA,Chemical
"sb6b00036, sb7b00322",asRNAs,Chemical
sb5b00240,ATGA,Chemical
sb8b00361,atolypene,Chemical
sb8b00361,Atolypene,Chemical
sb8b00361,atolypene A,Chemical
sb8b00361,Atolypene A,Chemical
sb8b00361,atolypenes,Chemical
sb8b00361,Atolypenes,Chemical
sb6b00222,ATP-agarose,Chemical
sb9b00235,Auâ€“Pd,Chemical
sb4000959,AU-rich,Chemical
sb6b00180,Avidin-FITC,Chemical
sb6b00033,avoparcin,Chemical
sb7b00136,azelate,Chemical
sb6b00245,azide/alkyne,Chemical
"sb4000993, sb8b00260, sb9b00168",azideâ€“alkyne,Chemical
sb8b00135,azide-DBCO,Chemical
sb8b00421,azide-functionalized,Chemical
sb7b00447,azido-amino-acids,Chemical
sb6b00138,azidohomoalanine,Chemical
sb7b00100,azidonorleucine,Chemical
sb300120n,azobenzene-modified,Chemical
sb8b00250,azobenzenes/cyclodextrins,Chemical
sb8b00176,bacosides,Chemical
"sb6b00371, sb7b00034, sb9b00060",bactopeptone,Chemical
sb6b00371,bactotryptone,Chemical
sb6b00033,Bagelicin,Chemical
sb7b00072,BAP,Chemical
sb9b00005,BCAA,Chemical
"sb300071a, sb9b00005",BCAAs,Chemical
sb300071a,BCAAs.,Chemical
"sb400076r, sb6b00159, sb8b00330",benzonase,Chemical
sb9b00168,Benzyl-Î±-GalNAc,Chemical
sb6b00119,benzylisoquinolines,Chemical
sb4000993,"beta-1,4-glucosidic",Chemical
sb5b00025,Bî—¸acetonitrile,Chemical
sb5b00025,Bî—¸methanol,Chemical
sb7b00453,biodiesel,Chemical
"sb6b00167, sb7b00453, sb8b00049",bioethanol,Chemical
sb400197f,bioethylene,Chemical
sb7b00188,biofuel,Chemical
sb8b00164,bioisoprene,Chemical
sb8b00164,bioisoprene.,Chemical
sb8b00260,biotin-(PEG) 4-azide,Chemical
sb8b00260,Biotin-alkyne,Chemical
sb8b00260,biotin-azide,Chemical
sb9b00241,biotin-dUTP,Chemical
sb400166j,biotin-labeled,Chemical
sb5002399,biotin-modified,Chemical
sb400074w,bis(tri-n-butylammonium)pyrophosphate,Chemical
sb5b00253,bisÂ­(tributylammonium)Â­pyrophosphate,Chemical
sb5b00276,bis-tris-propane-HCl,Chemical
sb9b00127,BnGalNAc,Chemical
sb9b00168,Bn-Î±-GalNAc,Chemical
sb9b00168,Bn-Î±-GalNAc.,Chemical
sb9b00168,Bn-O-glycans,Chemical
sb7b00100,Boc-azidonorleucine,Chemical
"sb8b00096, sb9b00051",BocLys,Chemical
sb8b00096,Boc-Lys,Chemical
sb9b00051,BocLys-AcPhe,Chemical
sb8b00123,BoPD,Chemical
sb7b00199,boronated Anticalin,Chemical
"sb3000782, sb7b00157, sb8b00104",borosilicate,Chemical
"sb300120n, sb7b00101",BPB,Chemical
sb6b00245,BPFL,Chemical
sb6b00245,BPFL-,Chemical
sb9b00026,BPTL,Chemical
sb9b00168,Br-labeled,Chemical
sb9b00368,"bromo-2-carboxy-4,8-dihydroxyquinoline",Chemical
sb9b00368,bromo-2-carboxy-4-hydroxyquinoline,Chemical
sb9b00368,bromo-3-hydroxykynuramine,Chemical
sb9b00368,bromo-3-hydroxy-l-kynurenine,Chemical
sb9b00368,"bromo-4,8-dihydroxyquinoline",Chemical
sb9b00368,bromo-4-hydroxyquinoline,Chemical
sb9b00368,bromokynuramine,Chemical
sb9b00368,bromo-kynurenine,Chemical
sb9b00368,bromo-l-kynurenine,Chemical
sb8b00049,BuNH,Chemical
sb7b00290,BuOOH,Chemical
sb8b00049,but-1-en-2-olate,Chemical
sb400156v,butanols.,Chemical
sb7b00072,butylacetylÂ­phosphonate,Chemical
sb9b00078,butylmalonyl-CoA,Chemical
sb7b00099,butyl-meta-cycloheptylprodigiosin,Chemical
sb3000782,butyric,Chemical
sb8b00176,butyrospermol,Chemical
sb4000788,C14:0-OH,Chemical
sb8b00430,C14-leucine,Chemical
sb4000788,C16:0-OH,Chemical
sb4000788,C18:1-OH,Chemical
sb7b00397,C1-oxo,Chemical
sb8b00075,C2â€“C7,Chemical
sb300091d,C2OH,Chemical
sb7b00397,C3-glycine,Chemical
sb300091d,C3OH,Chemical
sb3000782,C4â€“C12,Chemical
"sb5b00286, sb7b00219, sb8b00002, sb9b00223",C4-HSL,Chemical
sb300091d,C4OH,Chemical
sb300091d,C5OH,Chemical
sb7b00304,C6-FAS,Chemical
sb7b00219,C6-HSL,Chemical
sb300091d,C6OH,Chemical
sb300091d,C7OH,Chemical
sb6b00387,C7-prenyl,Chemical
sb400205x,C8â€“C8Î±,Chemical
sb8b00278,cadmium-binding,Chemical
sb9b00235,cadmium-sensing,Chemical
sb4001273,CAFFCO,Chemical
sb9b00219,CAGs,Chemical
sb6b00085,calcium/magnesium,Chemical
sb7b00424,calcium-containing,Chemical
sb7b00424,calcium-impregnated,Chemical
sb8b00372,cAMP/cGMP,Chemical
sb9b00292,caprolactam-containing,Chemical
sb9b00169,Carbamidomethyl,Chemical
"sb300068g, sb4000993, sb400197f",carbohydrate-binding,Chemical
sb7b00150,carbonâ€“carbon,Chemical
sb8b00199,carbonâ€“phosphorus,Chemical
sb5b00076,carbonate/bicarbonate,Chemical
sb7b00466,Carbonyldiimidazole,Chemical
sb8b00525,Carboxen,Chemical
sb7b00466,carboxylates/caryboxyl-CoAs,Chemical
sb5b00058,CA-rich,Chemical
sb5b00092,carveol/carvone,Chemical
sb9b00023,casitone,Chemical
sb7b00247,cas-maltose,Chemical
sb300068g,CBM3-,Chemical
sb300068g,CBM3-containing,Chemical
sb6b00159,ccMA,Chemical
sb5b00092,CDCl,Chemical
sb8b00372,c-di-AMP/c-di-GMP,Chemical
sb400182x,c-di-NMP,Chemical
sb9b00077,CDPME,Chemical
sb8b00258,CDP-MEP,Chemical
sb8b00448,CdSe/ZnS,Chemical
sb9b00291,CdTe,Chemical
sb8b00252,cecropin,Chemical
sb9b00075,cefotoxin,Chemical
sb400070q,cello/xylooligosaccharides,Chemical
sb400070q,cellobiose/xylooligosaccharide,Chemical
sb400070q,cellobiose/xylooligosaccharides,Chemical
sb400070q,cellobiose/xylose,Chemical
sb9b00271,cellodextran,Chemical
sb400028c,Cellophane,Chemical
sb8b00168,cellulose-chitin,Chemical
sb8b00168,Cellulose-Chitin,Chemical
sb4000993,celluloseî—¸Avicel,Chemical
sb4000806,cephabacins,Chemical
sb400003y,cerulean,Chemical
sb6b00075,CG-rich,Chemical
sb9b00023,CH 3) 2,Chemical
sb6b00387,chaetoglines,Chemical
sb9b00102,C-HCHO,Chemical
sb7b00087,chloramphenicol/tetracycline,Chemical
sb8b00273,chloramphenicol-containing,Chemical
sb8b00261,chloramphenicol-resistant,Chemical
sb8b00415,chloride-iodide-malonic-acid,Chemical
sb9b00368,"chloro-2-carboxy-4,8-dihydroxyquinoline",Chemical
sb9b00368,chloro-2-carboxy-4-hydroxyquinoline,Chemical
sb9b00368,chloro-3-hydroxykynuramine,Chemical
sb9b00368,chloro-3-hydroxy-l-kynurenine,Chemical
sb9b00368,"chloro-4,8-dihydroxyquinoline",Chemical
sb9b00368,chloro-4-hydroxyquinoline,Chemical
sb9b00106,chloroform/Isopropanol,Chemical
"sb3000063, sb500243c, sb500319p",chloroform/methanol,Chemical
sb8b00452,chloroform/methanol/water,Chemical
sb5000115,chloroform/phenol,Chemical
sb9b00118,chloroformâ€“methanol,Chemical
sb9b00368,chlorokynuramine,Chemical
sb9b00368,chloro-l-kynurenine,Chemical
sb6b00353,chlorothricin,Chemical
sb8b00281,CHMS,Chemical
sb8b00116,CHNOPS,Chemical
sb5b00230,choline/tetracycline,Chemical
sb5b00107,choline-bound,Chemical
sb5b00230,choline-induced,Chemical
sb5b00062,chromium-coated,Chemical
sb9b00219,cinnamyl-(6â€²-O-Î²-d-glucopyranosyl)-Î²-d-glucopyranoside,Chemical
sb7b00235,"cis-1,2-dicholorethylene",Chemical
sb300120n,cis-Rb8X,Chemical
sb8b00348,CitAP,Chemical
sb8b00348,citrate-free,Chemical
sb7b00424,citrate-treated,Chemical
"sb6b00013, sb6b00027",Citrine,Chemical
sb4000355,Cl-d,Chemical
sb5b00129,Clerol,Chemical
"sb400140t, sb7b00001, sb8b00252, sb8b00381, sb8b00421",C-leucine,Chemical
sb7b00465,C-leucine-,Chemical
sb5002467,C-leucine-labeled,Chemical
sb8b00070,clorobiocin,Chemical
sb7b00117,C-lysine,Chemical
sb400142b,CMC-containing,Chemical
"sb8b00481, sb9b00102",C-methanol,Chemical
sb9b00102,C-Methanol,Chemical
sb400182x,cNMP,Chemical
sb400182x,cNMP/c-di-NMP,Chemical
sb9b00078,CoA-thioesters,Chemical
sb400059y,cobalamine,Chemical
sb9b00155,cobalamin-utilizing,Chemical
sb7b00383,cobalt-activated,Chemical
sb400160m,cobalt-immobilized,Chemical
sb8b00317,CoCl,Chemical
sb6b00353,coelibactin,Chemical
sb300087n,Conc,Chemical
sb400140t,copperÂ­(I)-catalyzed azideâ€“alkyne,Chemical
sb6b00245,copper-catalyzed,Chemical
"sb5b00253, sb6b00245, sb7b00383, sb8b00421",copper-free,Chemical
sb5b00253,Copper-Free,Chemical
sb9b00023,corallopyronin,Chemical
sb8b00372,cornstarch,Chemical
sb9b00171,coumarones,Chemical
sb6b00205,coumesterol,Chemical
sb8b00123,cPYP,Chemical
sb8b00421,CR-OAs,Chemical
"sb5b00034, sb5b00080",CsCl,Chemical
sb4001273,CSHK,Chemical
sb400197f,Ctdoc,Chemical
sb9b00001,cumate-based,Chemical
sb6b00064,Cy3-dCTP,Chemical
sb9b00103,Cy3-labeled,Chemical
sb8b00421,Cy3-Tetrazine,Chemical
sb8b00135,Cy5-DBCO,Chemical
sb6b00064,Cy5-dCTP,Chemical
sb8b00135,Cy5-dibenzocyclooctyl,Chemical
sb5b00253,Cy5-dPxTP,Chemical
"sb300018h, sb6b00138, sb7b00268",Cy5-labeled,Chemical
sb6b00138,Cy5-tet,Chemical
sb500267d,cyanobactin,Chemical
sb9b00229,cyanobactins,Chemical
sb500019b,cyanothecamides.,Chemical
sb7b00264,Cycloamanides,Chemical
sb7b00264,cycloamanides,Chemical
"sb400086p, sb5b00252, sb6b00310",cyclohexamide,Chemical
sb8b00380,cyclohexanol/cyclohexanone,Chemical
sb8b00388,cyclohexenimine,Chemical
sb400168u,cyclohexylalanine,Chemical
sb7b00383,cyclooctyne/azide,Chemical
sb7b00099,cycloprodigiosin,Chemical
sb5b00225,cyclosarin,Chemical
sb7b00264,cyclotide,Chemical
sb9b00080,cyclotides,Chemical
sb400074w,cyclotriphosphite,Chemical
sb6b00184,Cys2-His2,Chemical
sb8b00215,Cys320,Chemical
sb400086p,Cys38,Chemical
sb7b00410,Cys7,Chemical
sb200015u,Cys-containing,Chemical
"sb7b00400, sb8b00450",Cys-Cys-Pro-Gly-Cys-Cys,Chemical
sb200015u,Cys-Gly residues,Chemical
sb7b00410,cystatin,Chemical
sb8b00348,cysteine-containing,Chemical
sb7b00316,cysteine-free,Chemical
sb9b00106,cysteine-linking,Chemical
sb6b00027,cysteine-to-serine,Chemical
sb6b00245,cysteinylated,Chemical
sb9b00379,Cys-X-X-Cys-His,Chemical
sb8b00525,cytokinines,Chemical
sb7b00356,cytosine-rich,Chemical
sb8b00088,Cz-stabilized,Chemical
sb7b00373,"d,l-Î²-phenylserine",Chemical
sb5b00279,"D,L-lactate",Chemical
sb9b00310,d/l-5-hydroxytryptophan,Chemical
sb7b00072,d/l-arabinose,Chemical
sb400135t,DAGs,Chemical
sb8b00176,dammarenyl,Chemical
sb8b00260,dansylalanine,Chemical
sb8b00348,Dansyl-labeled,Chemical
sb8b00481,d-arabino-3-hexulo-6-phosphate,Chemical
sb8b00045,DCMU/heavy,Chemical
sb6b00081,DCPK,Chemical
sb6b00027,d-desthiobiotin,Chemical
sb6b00330,ddH2O,Chemical
sb8b00048,ddNTP,Chemical
sb5b00253,dDsTP,Chemical
"sb6b00373, sb8b00096",DEAE-dextran,Chemical
sb8b00385,decaprenoastaxanthin,Chemical
sb8b00048,decitabin,Chemical
sb7b00072,demethylsulfurylation,Chemical
sb6b00030,deoxy-l-altrose,Chemical
sb7b00029,deoxynucleosides,Chemical
sb3001326,deoxynucleoside-triphosphates,Chemical
sb7b00373,-deoxythymidine-5â€²-phosphate,Chemical
sb7b00072,deoxyxlyulose,Chemical
sb4001382,deoxyxylulose-5-phosphate,Chemical
sb6b00353,desferroxamine,Chemical
sb6b00323,desoxyviolacein,Chemical
sb9b00126,desulfinase,Chemical
sb8b00124,deuterium-containing,Chemical
"sb6b00250, sb8b00450",DFHBI,Chemical
sb300128r,d-glucopyranosyloxy-(S)-p-hydroxymandelonitrile,Chemical
sb9b00008,DHBe,Chemical
sb200018e,DHBQ,Chemical
sb7b00235,DHCP,Chemical
sb4000977,DHFBI,Chemical
sb200018e,DHHBQ,Chemical
"sb500368w, sb8b00055",d-HPG,Chemical
sb4001273,DHPL,Chemical
sb6b00027,DHPTA,Chemical
sb500368w,d-hydroxyphenylglycine,Chemical
sb9b00023,d-Î±-aminobutyrate,Chemical
"sb300091d, sb9b00255",diacids,Chemical
sb8b00472,diacylglycerol-3-P,Chemical
sb5b00276,DiÂ­isobutylformidine,Chemical
sb3000832,diamonds,Chemical
sb8b00135,dibenzocyclooctyl,Chemical
"sb7b00100, sb7b00316",dibenzocyclooctyne,Chemical
sb7b00383,dibenzocyclooctyne-amine,Chemical
sb8b00130,dicarboxylate-tricarboxylate,Chemical
sb7b00430,dichloroethenes,Chemical
sb6b00081,dicyclopropylketone,Chemical
sb9b00047,difficidin,Chemical
sb9b00219,diglucosides,Chemical
sb8b00242,digoxigenin-binding,Chemical
sb5b00073,diH2O,Chemical
sb9b00106,dihydrobisvertinolone,Chemical
sb6b00119,dihydrosanguinarine-synthesis,Chemical
sb9b00106,dihydrosorbicillinol,Chemical
sb3001326,dimer-phosphoramidites,Chemical
sb6b00387,dimethylallyl-MTCA,Chemical
sb8b00525,dimethyl-GGPP,Chemical
sb7b00296,dimethyl-menaquinone,Chemical
sb400182x,di-NMPs,Chemical
sb3000063,dioleyl-sn-glycero-phosphatidylcholine,Chemical
sb9b00087,diol-modified 2-nitro-4-propynylpyrrole,Chemical
sb5b00276,Diphenylcarbamoyl,Chemical
sb7b00048,Diproline,Chemical
sb5b00092,di-tert-butylazodicarboxylate,Chemical
sb3001003,diumycin,Chemical
sb300080t,DKxanthene,Chemical
sb500368w,dl-4-hydroxymandelate,Chemical
sb300071a,dl-4-thiaisoleucine,Chemical
sb300071a,dl-4-thiaisoleucine.,Chemical
sb6b00027,DL-dithiothreitol,Chemical
sb500368w,dl-HMA,Chemical
sb500368w,dl-HMA.,Chemical
sb8b00348,dl-isocitrate,Chemical
sb6b00387,DMA-harman,Chemical
sb6b00387,DMA-harmine,Chemical
sb6b00387,DMA-harmol,Chemical
sb6b00387,DMA-MTCA,Chemical
sb500368w,d-mandelate,Chemical
sb8b00238,d-Mannitol/l-Arabitol,Chemical
sb9b00068,d-MeAsp,Chemical
"sb4000355, sb400177x, sb5b00253, sb8b00070, sb8b00124, sb9b00171, sb9b00318",DMSO-d,Chemical
sb3001326,DMTr-protected trimer-phosphoramidites,Chemical
sb200018e,DMUBQ,Chemical
sb6b00371,DOE3,Chemical
sb8b00415,DOPC/DOPG,Chemical
sb8b00415,DOPC:DOPG,Chemical
sb8b00062,DOTAP,Chemical
"sb8b00096, sb9b00094",DPBS,Chemical
sb8b00055,d-p-hydroxyphenylglycine,Chemical
sb8b00045,DPPCon,Chemical
sb9b00274,dPTP,Chemical
"sb5b00253, sb9b00087",Ds-containing,Chemical
sb7b00261,d-sucrose,Chemical
sb8b00276,DTBA,Chemical
"sb5b00092, sb5b00107, sb6b00323, sb6b00330, sb7b00428, sb8b00348, sb8b00415, sb8b00481",EDTA-free,Chemical
sb6b00254,EDTA-sensitive,Chemical
sb9b00261,"ent-19-hydroxy-atis-16-ene-3,14-dione",Chemical
sb6b00251,estradiol-progesterone,Chemical
sb6b00245,ethanolamineâ€“sepharose,Chemical
sb6b00245,ethanolamine-sepharose,Chemical
sb4000355,ethylmalonyl-N-acetylcysteamine,Chemical
sb4000355,ethylmalonyl-specific,Chemical
sb400202s,EZnO,Chemical
sb5002505,FAD/FADH,Chemical
sb6b00188,FAD/NAD-binding,Chemical
"sb200019x, sb8b00121",FAD-binding,Chemical
sb300053s,FAM-ApG,Chemical
"sb9b00028, sb9b00103, sb9b00104",FANA,Chemical
sb300128r,Fd/NADPH,Chemical
sb7b00413,Fd+FNR,Chemical
sb6b00097,FDGal,Chemical
sb6b00097,FDGlc,Chemical
sb300041z,FDGlcU,Chemical
sb9b00026,Fe 2 SO 4,Chemical
sb8b00102,FeÂ­(III)-NH 4-citrate,Chemical
sb5b00279,FeÂ­(III)-NTA,Chemical
sb6b00188,FeADH,Chemical
sb8b00157,FeCl 3-6H,Chemical
"sb6b00371, sb9b00060",FeMo-co,Chemical
sb3000782,ferricenium,Chemical
sb9b00379,ferrihydrite,Chemical
"sb400128g, sb8b00365",FITC-conjugated,Chemical
sb8b00124,FITC-E2,Chemical
sb4001273,flavanoids,Chemical
sb400205x,flavin C8Î± methyl group,Chemical
sb7b00398,flavin-based oxygen-independent,Chemical
sb8b00386,flavin-cysteinyl,Chemical
sb6b00033,flavucin,Chemical
sb6b00033,Flavucin,Chemical
sb200015u,fluorescein-5-maleimide,Chemical
sb9b00080,fluorescein-c,Chemical
sb9b00127,fluorescein-labeled succinylated,Chemical
sb6b00097,fluorine-containing,Chemical
sb6b00143,FMN/FAD-containing,Chemical
"sb6b00284, sb8b00386",FMN-binding,Chemical
sb500368w,FMN-containing,Chemical
sb500368w,FMN-dependent,Chemical
sb300028q,Fmoc-l-4-iodophenylalanine,Chemical
sb3001326,Fmoc-protected dimer-phosphoramidites,Chemical
sb7b00413,FNR,Chemical
sb7b00114,Formaldehyde-Inducible,Chemical
sb7b00086,formate-13,Chemical
sb8b00093,formateî—¸all,Chemical
sb6b00219,formazan,Chemical
"sb8b00076, sb8b00332",Formedium,Chemical
"sb7b00029, sb8b00048",formyl-methionyl-tRNA,Chemical
sb6b00230,"fructose-1,6-P",Chemical
sb6b00281,"fructose-1,6-phosphate",Chemical
sb9b00026,FsC,Chemical
sb9b00026,FsC-Cy5,Chemical
sb9b00026,FsC-FITC,Chemical
sb7b00167,fucose/rhamnose,Chemical
sb8b00436,fucosylagarobiose,Chemical
sb8b00436,fucosyl-disaccharides,Chemical
sb8b00436,fucosylgalactose,Chemical
sb8b00436,Fucosyl-oligosaccharides,Chemical
"sb8b00436, sb9b00314",fucosyl-oligosaccharides,Chemical
sb8b00130,fumarate/malate,Chemical
sb6b00007,fumarate-aspartate-,Chemical
sb6b00007,fumarate-aspartate-BA-MSA,Chemical
sb9b00106,fungisporine,Chemical
sb5b00058,furandicarboxylic acid,Chemical
sb7b00249,furaquinocin,Chemical
sb8b00217,furimazine,Chemical
sb8b00478,fusarubins,Chemical
sb6b00230,GA3P,Chemical
sb9b00235,GaAs,Chemical
sb6b00320,galactoglucan,Chemical
sb5b00135,galactose/raffinose,Chemical
"sb500363y, sb8b00076",galactose-containing,Chemical
sb9b00168,GalNAc-Î±-Bn,Chemical
sb6b00264,GATC,Chemical
sb6b00353,gaudimycin,Chemical
sb8b00070,GBA,Chemical
sb300028q,GCN4,Chemical
sb7b00303,GCV,Chemical
sb8b00135,GdmCl,Chemical
sb9b00318,GDMEP,Chemical
sb8b00007,GdnHCl,Chemical
sb8b00199,gentamicin-containing,Chemical
sb7b00185,GGA-containing,Chemical
sb8b00070,GGBA,Chemical
sb7b00462,GG-CC-rich,Chemical
sb6b00097,Glc-derived,Chemical
sb8b00196,GlcNAc1P,Chemical
sb9b00127,GlcNAc-containing,Chemical
sb7b00117,Gln2,Chemical
sb8b00529,Gln38Glu,Chemical
sb500226j,Gln4,Chemical
sb7b00287,Gln65,Chemical
sb7b00042,Gln-Ile-Gly-Gly-Gly-Leu,Chemical
sb400065q,Glu130Gly,Chemical
sb9b00080,Glu16,Chemical
sb9b00080,Glu18,Chemical
sb8b00215,Glu254,Chemical
sb400065q,Glu269Gly,Chemical
sb8b00215,Glu319,Chemical
sb7b00428,Glu476,Chemical
sb8b00455,Glu839,Chemical
sb9b00171,GluA,Chemical
sb6b00392,Glu-Asn-Leu-Tyr-Phe-Gln-Gly,Chemical
sb7b00256,glucoraphane,Chemical
"sb5b00199, sb7b00331",glucose/glycerol,Chemical
sb5b00092,glucose/NADP +,Chemical
sb400070q,glucose/xylose,Chemical
sb9b00007,glucose-6-phospate,Chemical
sb9b00007,glucoseâ€“xylose,Chemical
"sb6b00194, sb7b00177",glucose-containing,Chemical
sb8b00196,glucose-glutamate,Chemical
sb7b00247,glucoseî—¸the,Chemical
sb7b00318,glucose-MOPS,Chemical
sb6b00083,glucose-rich,Chemical
sb7b00328,glutamate/aspartate,Chemical
sb7b00303,glutamax,Chemical
sb6b00342,glutamineî—¸present,Chemical
sb6b00135,glutaredoxin,Chemical
sb8b00519,glutathione-agarose,Chemical
sb500267d,Gly/Met/Pro/Cys,Chemical
sb7b00428,Gly363,Chemical
sb8b00047,Gly3P,Chemical
sb8b00258,Gly-3P,Chemical
sb7b00428,Gly436,Chemical
sb3001326,Gly65,Chemical
sb400065q,Gly689AspD,Chemical
sb200002m,Gly-72,Chemical
sb500368w,Gly81,Chemical
sb9b00217,glyceraldegyde-3-phosphate,Chemical
sb6b00230,"glycerate-1,3-P",Chemical
sb6b00230,glycerate-2-P,Chemical
sb6b00230,glycerate-3-P,Chemical
sb6b00167,glycerate-3-phosphate,Chemical
sb8b00249,glycerate-3-phosphate,Chemical
sb8b00239,Glycerol/Glucose,Chemical
sb8b00239,glycerol/glucose,Chemical
sb8b00020,glycerol/lactate,Chemical
sb6b00202,glycerolâ€“arginine,Chemical
sb400131a,glycerol-carbenicillin,Chemical
"sb9b00003, sb9b00102",glycerol-dependent,Chemical
sb8b00365,glycineâ€“HCl,Chemical
sb8b00025,glycineâ€“NaOH,Chemical
"sb500024b, sb5b00002, sb7b00281",glycineâ€“serine,Chemical
sb9b00137,glycine-binding,Chemical
sb9b00137,glycine-dependent,Chemical
sb7b00373,glycine-derived,Chemical
sb8b00093,glycineî—¸grew,Chemical
sb8b00481,glycine-KOH,Chemical
sb9b00137,glycine-lacking,Chemical
sb8b00364,Glycine-NaOH,Chemical
sb8b00481,glycine-NaOH,Chemical
"sb5002938, sb7b00100, sb8b00129",glycine-rich,Chemical
sb7b00296,glycolyl-CoA,Chemical
sb4000355,glyerol,Chemical
sb500261t,Gly-Gly-Ser-Ser-Ala-Ala-Gly,Chemical
sb7b00100,Gly-rich,Chemical
sb6b00166,goldâ€“palladium,Chemical
sb7b00383,gold-based,Chemical
sb9b00235,gold-bearing,Chemical
sb7b00264,griselimycins,Chemical
sb7b00375,GSH/GSSG,Chemical
sb7b00001,GSSG/GSH,Chemical
sb8b00241,guanidiniumâ€“HCl,Chemical
sb9b00169,GuanidiniumHCl,Chemical
sb6b00372,guanidino-containing,Chemical
sb8b00135,guanidinum chloride,Chemical
sb8b00207,guanineâ€“cytosine,Chemical
sb7b00448,guanine-cytosine,Chemical
sb4000096,guanine-sensing,Chemical
"sb7b00447, sb8b00021, sb9b00169",GuHCl,Chemical
sb7b00431,H 12 O,Chemical
sb8b00049,H 2 O 2/H 2 0,Chemical
"sb8b00062, sb9b00271",H 2/CO 2,Chemical
sb9b00271,H 2/formate.,Chemical
sb9b00271,H 2/methanol,Chemical
"sb5b00012, sb5b00103, sb5b00129, sb7b00086, sb7b00331, sb8b00093, sb8b00102, sb8b00109, sb8b00224, sb8b00239, sb8b00249, sb8b00284, sb8b00534, sb9b00007, sb9b00280",H 3 BO 3,Chemical
"sb300110b, sb6b00052, sb9b00060, sb9b00314",H 3 BO 4,Chemical
sb7b00029,H 4 F,Chemical
sb5b00092,H04,Chemical
sb9b00310,halofuginone,Chemical
sb8b00157,halogenation,Chemical
sb9b00229,hapalindolinones,Chemical
sb6b00166,HAuCl,Chemical
"sb6b00166, sb9b00235",HAuCl 4,Chemical
sb9b00126,HBP,Chemical
sb9b00102,HCHO/methanol,Chemical
sb8b00289,HCl-acetone,Chemical
sb6b00027,HEDTA,Chemical
sb9b00243,helium-cooled,Chemical
sb300042w,heme-containing,Chemical
sb400076r,Heparin-agarose,Chemical
sb400076r,heparin-agarose,Chemical
sb400076r,heparin-sepharose,Chemical
sb8b00241,HEPESâ€“KOH,Chemical
"sb400094c, sb5002467, sb500249g, sb6b00342, sb7b00117, sb7b00465, sb8b00386, sb9b00008, sb9b00437",HEPES-KOH,Chemical
sb9b00224,HEPES-Sucrose,Chemical
sb8b00225,heptalysine,Chemical
"sb7b00264, sb8b00225",heptamer,Chemical
sb8b00225,heptamer.,Chemical
sb6b00378,heptanucleotide,Chemical
sb8b00258,heptaprenyl-PP,Chemical
sb8b00258,Heptaprenyl-PP,Chemical
sb8b00258,heptaprenyltransferase,Chemical
sb9b00368,heterocyclic-amine-,Chemical
sb7b00304,hexa-2-enedioate,Chemical
sb5b00129,hexaÂ­methyleneÂ­diamine,Chemical
"sb300047u, sb6b00250, sb7b00050, sb8b00157, sb8b00305, sb9b00047, sb9b00437",hexahistidine,Chemical
sb4000977,hexahistidine-,Chemical
sb8b00274,hexa-histidine-,Chemical
sb3000782,hexane/chloroform,Chemical
sb7b00431,hexane/heptane,Chemical
sb7b00466,hex-CoA,Chemical
sb8b00123,HFCN,Chemical
sb6b00222,HHRz,Chemical
sb9b00222,hirugen,Chemical
sb9b00051,His283,Chemical
sb6b00392,His57,Chemical
"sb6b00138, sb7b00447, sb9b00149",His6,Chemical
sb7b00383,His-ADH,Chemical
sb5b00119,histidine/adenine,Chemical
sb2000275,histidine-free,Chemical
sb9b00131,histidine-modified,Chemical
sb9b00106,histidyltryptophanyl-diketopiperazine,Chemical
"sb5002399, sb9b00051",Hits,Chemical
sb8b00260,H-l-LysÂ­(EO-N3)-OH,Chemical
sb8b00398,HMG-CoA/mevalonate,Chemical
sb4001382,HMGCOAR,Chemical
sb4001382,HMGCOAS,Chemical
sb7b00415,holotransferrin,Chemical
sb6b00121,homoethanol,Chemical
sb7b00269,Homoethanol,Chemical
sb9b00285,homoheptamer,Chemical
sb8b00525,homomevalonate,Chemical
sb4001118,HOPG,Chemical
sb500368w,HPG,Chemical
sb500368w,HPG-containing,Chemical
sb500368w,HPGL,Chemical
sb8b00324,HQN/O,Chemical
sb8b00104,HRP-loaded,Chemical
sb9b00078,HSNAC,Chemical
sb9b00106,HTD,Chemical
sb9b00102,Hu6P,Chemical
sb8b00415,hydrogenâ€“deuterium,Chemical
sb8b00124,hydrogen-exchange,Chemical
sb3000782,hydroxyacetyl-CoA,Chemical
sb9b00026,hydroxyferricrocin,Chemical
sb7b00041,hydroxylamineÂ·HCl,Chemical
sb8b00470,hydroxylates,Chemical
sb9b00280,hydroxylechinenone,Chemical
sb500341a,hydroxyl-motifs,Chemical
sb5b00025,hydroxystrictosidine,Chemical
sb5b00025,hydroxystrictosine,Chemical
sb3000782,hydroyacyl-CoA,Chemical
sb7b00209,Hygromycin/5-Fluorocytidine,Chemical
sb400112u,Î±/Î²-glycosidaes,Chemical
sb4000993,"Î±-1,4-glucosidic",Chemical
sb9b00078,Î±-carboxylmalonyl-CoAs,Chemical
sb9b00078,Î±-carboxylmalonyl-thioesters,Chemical
sb8b00225,Î±HBs,Chemical
sb6b00053,Î±-hydroxy-glutaric acid-Î³-lactone,Chemical
sb5b00129,Î±-ketoacid,Chemical
"sb5b00129, sb7b00136, sb8b00002",Î±-ketoadipate,Chemical
sb5b00129,Î±-ketopimelate,Chemical
"sb5b00129, sb9b00063",Î±-methylbenzylamine,Chemical
sb8b00534,Î±-Me-Trp,Chemical
sb7b00338,Î±-olefins,Chemical
sb7b00463,Î±Sc:INS,Chemical
sb6b00122,Î±-tocoferol,Chemical
sb6b00245,Îµ-tert-butoxycarbonyl-l-lysine,Chemical
sb8b00258,Î²-2-thienylalanine,Chemical
sb6b00159,Î²-carboxymuconolactone,Chemical
"sb7b00136, sb8b00007",Î²-d-1-thiogalactopyranoside,Chemical
sb400205x,Î²-D-1-thiogalactopyranoside.,Chemical
sb9b00338,Î²-D-1-thiogalatopyranoside,Chemical
sb6b00143,Î²-d-thioglucose,Chemical
sb4000355,Î²-hydroxythioester,Chemical
sb7b00425,Î²-ketoacid,Chemical
"sb6b00025, sb7b00331, sb7b00416, sb8b00047, sb8b00465",Î²-ketoadipate,Chemical
sb300091d,Î²-ketoadipate-,Chemical
sb6b00025,Î²-ketoadipate.,Chemical
sb4000355,Î²-ketothioester,Chemical
sb6b00372,Î³-butyrolactam,Chemical
sb3000063,Ile25,Chemical
sb400065q,Ile335Thr,Chemical
sb400065q,Ile370Thr,Chemical
sb400065q,Ile466,Chemical
sb400065q,Ile466Phe,Chemical
sb8b00450,Ile50,Chemical
sb8b00215,Ile65,Chemical
sb6b00224,"imidazoÂ­[1,2-a ]-1,3,5-triazin-4Â­(8H)Â­one",Chemical
sb6b00224,"imidazoÂ­[1,2-a ]-1,3,5-triazin-4Â­(8H)Â­one 2â€²-deoxyriboside",Chemical
sb7b00150,"imidazoÂ­[1,2-a ]-1,3,5-triazine-2Â­(8 H)-4Â­(3 H)-dione",Chemical
sb9b00334,indolactam,Chemical
sb9b00334,indolactam-,Chemical
sb9b00229,indoleâ€“isonitrile,Chemical
sb9b00229,Indoleâ€“Isonitrile,Chemical
"sb8b00124, sb9b00368",indole-based,Chemical
"sb6b00097, sb8b00124",indole-bound,Chemical
sb5003407,iodoacetate,Chemical
sb5b00197,I-Phe/Phe,Chemical
"sb7b00072, sb8b00289",IPP/DMAPP,Chemical
sb6b00371,ironâ€“molybdenum,Chemical
sb9b00171,isoglabrone,Chemical
sb6b00166,isopropanol/ethanol,Chemical
sb9b00282,isopropy-Î²-d-thiogalactoside,Chemical
sb7b00029,K 13 CN,Chemical
sb7b00029,K 14 CN,Chemical
sb7b00029,K 14 CNO,Chemical
sb8b00484,K 2 CrO 4,Chemical
"sb6b00105, sb8b00047, sb8b00436",K 2 HPO,Chemical
"sb500331x, sb6b00374, sb7b00390",K 3 [FeÂ­(CN) 6 ],Chemical
sb500331x,K 4 [FeÂ­(CN) 6 ],Chemical
sb8b00014,K O N C,Chemical
sb8b00014,K O N K O F,Chemical
sb9b00368,kainate,Chemical
sb8b00273,kanamycin/chloramphenicol,Chemical
"sb8b00437, sb9b00334",kanamycin/neomycin,Chemical
sb500234s,kanamycin-containing,Chemical
sb5b00002,kanamycin-resistance,Chemical
sb7b00128,KClâ€“NaOH,Chemical
sb8b00498,KCl-agar,Chemical
sb9b00102,KDC-,Chemical
sb3000782,ketoacyl-CoA,Chemical
sb7b00089,keto-containing,Chemical
sb8b00276,K-Glu,Chemical
"sb400131a, sb400206c, sb5b00077, sb5b00296, sb8b00276, sb8b00430",K-glutamate,Chemical
"sb300071a, sb5b00130, sb5b00228, sb6b00233, sb7b00099, sb7b00390, sb8b00196, sb8b00249, sb8b00252, sb8b00317, sb8b00372, sb8b00509, sb9b00077, sb9b00149, sb9b00169",KH 2,Chemical
"sb200015u, sb3000244, sb300042w, sb300047u, sb300071a, sb300110b, sb400076r, sb4000959, sb400110j, sb400140t, sb400147n, sb500249g, sb5002505, sb5002533, sb500345t, sb5b00012, sb5b00025, sb5b00062, sb5b00092, sb5b00098, sb5b00103, sb5b00111, sb5b00133, sb5b00161, sb5b00172, sb5b00192, sb5b00228, sb5b00240, sb5b00287, sb6b00007, sb6b00052, sb6b00105, sb6b00149, sb6b00154, sb6b00177, sb6b00187, sb6b00230, sb6b00250, sb6b00328, sb6b00374, sb7b00086, sb7b00089, sb7b00117, sb7b00129, sb7b00136, sb7b00179, sb7b00229, sb7b00247, sb7b00254, sb7b00269, sb7b00331, sb7b00338, sb7b00344, sb7b00373, sb7b00390, sb7b00400, sb7b00425, sb8b00007, sb8b00055, sb8b00075, sb8b00093, sb8b00102, sb8b00109, sb8b00130, sb8b00158, sb8b00164, sb8b00186, sb8b00224, sb8b00226, sb8b00227, sb8b00274, sb8b00281, sb8b00284, sb8b00289, sb8b00361, sb8b00364, sb8b00372, sb8b00380, sb8b00436, sb8b00466, sb8b00478, sb8b00479, sb8b00489, sb8b00498, sb8b00501, sb8b00519, sb8b00521, sb9b00003, sb9b00013, sb9b00024, sb9b00042, sb9b00076, sb9b00118, sb9b00155, sb9b00169, sb9b00171, sb9b00176, sb9b00191, sb9b00212, sb9b00232, sb9b00261, sb9b00280, sb9b00291, sb9b00314, sb9b00358, sb9b00368",KH 2 PO 4,Chemical
sb6b00138,KH 2 PO 4/K,Chemical
sb6b00138,KH 2 PO 4/K 2 HPO,Chemical
sb6b00053,KH 2 PO 4/K 2 HPO 4,Chemical
sb6b00053,KH 2 PO 4/K 2 HPO 4,Chemical
sb8b00348,KH 2 PO 4/Na 2 HPO 4,Chemical
"sb7b00385, sb8b00465, sb9b00217",KH 2 PO4,Chemical
sb9b00204,K-HEPES,Chemical
sb8b00396,KHPO 4,Chemical
sb300040v,KN 2 PO 4,Chemical
sb9b00018,KOHâ€“methanol,Chemical
sb8b00276,K-oxalate,Chemical
sb9b00076,l-(7-hydroxycoumarin-4-yl)Â­ethylglycine,Chemical
sb8b00452,l-(âˆ’)-Î±-amino-Îµ-caprolactam,Chemical
sb5b00197,l-3-(2-naphthyl)Â­alanine,Chemical
sb9b00310,l-5-HTP,Chemical
sb9b00242,lac-allolactose,Chemical
sb9b00080,lacticin,Chemical
sb9b00175,lanthanide-doped,Chemical
"sb3001084, sb9b00080",lanthipeptide,Chemical
sb9b00080,Lanthipeptide,Chemical
sb9b00080,lanthipeptide variants,Chemical
"sb3001084, sb9b00080",Lanthipeptides,Chemical
"sb3001084, sb500019b, sb9b00080",lanthipeptides,Chemical
sb3001084,lanthipeptides.,Chemical
sb9b00368,L-aromatic-amino-acid-derived,Chemical
sb6b00080,lazarimide,Chemical
sb7b00383,l-azidohomoalanine,Chemical
sb7b00199,l-boronophenylalanine,Chemical
sb9b00026,l-Cir,Chemical
sb7b00428,l-dihydroxyphenylalanine,Chemical
sb7b00428,Leu170,Chemical
sb3000063,Leu28,Chemical
sb6b00328,Leu9,Chemical
sb9b00047,leucine-zipper,Chemical
sb6b00194,Leu-Pro-Xaa-Thr-Gly,Chemical
sb500019b,Leu-rich,Chemical
sb5b00197,LeuRS,Chemical
sb500368w,l-HMA,Chemical
sb9b00102,l-homoserine-dependent,Chemical
sb500368w,l-HPG,Chemical
sb9b00106,l-Î´-(Î±-aminoadipyl)-l-cysteinyl-d-valine,Chemical
"sb500243c, sb500255k, sb6b00123, sb7b00094, sb8b00360",LiAc/SS,Chemical
"sb6b00080, sb8b00175, sb9b00001",LiAc/ss,Chemical
sb500074a,LiAc/ssDNA/PEG,Chemical
"sb6b00085, sb8b00234",LiCl 2,Chemical
sb8b00398,limonene/sec-butylbenzene,Chemical
sb3001003,lincomycin/erythromycin,Chemical
sb8b00123,lipofectamine,Chemical
sb6b00142,lithiumâ€“acetate-based,Chemical
sb9b00368,l-kynurenine-derived,Chemical
sb400019s,loopXa,Chemical
sb7b00199,l-p-boronophenylalanine,Chemical
sb9b00023,l-threonine-13,Chemical
sb9b00368,l-tryptophan-derived,Chemical
sb500252a,luminol,Chemical
sb5b00279,Luminol,Chemical
sb3000063,Lys172,Chemical
sb400065q,Lys522Gly,Chemical
sb8b00529,Lys55Met,Chemical
sb8b00421,LysÂ­(azido),Chemical
sb8b00421,LysÂ­(propargyl),Chemical
sb8b00421,LysÂ­(propargyl) 3,Chemical
sb7b00042,Lys-Ile-Gly-Ser-Gly-Leu,Chemical
sb7b00328,lysine/arginine/ornithine,Chemical
sb8b00361,lysine/leucine,Chemical
sb500332c,lysine-binding,Chemical
sb400133g,lysine-sensitive,Chemical
sb400133g,Lysine-Sensitive,Chemical
sb6b00375,lysozyme,Chemical
sb6b00138,m6-sulfo-,Chemical
sb6b00138,m6-sulfo-Cy5,Chemical
sb6b00138,m6-sulfo-Cy5-tet,Chemical
sb6b00138,m6-sulfo-Cy5-tetrazine,Chemical
sb3001003,macarbomycin,Chemical
sb6b00117,malelate,Chemical
sb5b00294,malonate-CoA,Chemical
sb400158w,malonyl-CoA-based,Chemical
sb3000782,malonyl-CoA-independent,Chemical
sb5b00161,malonyl-CoA-sensitive,Chemical
sb9b00078,malonyl-thioesters.,Chemical
sb400202s,maltodextrans,Chemical
sb6b00184,maltose-bound,Chemical
sb9b00393,MAPG,Chemical
sb500243c,MCFAEEs,Chemical
sb7b00303,mCitrine,Chemical
sb8b00525,MeCN/methanol,Chemical
sb9b00068,Me-d-Asp,Chemical
sb8b00049,MEKCNH,Chemical
sb9b00210,melonyl-CoA,Chemical
sb5b00092,menthone/isomenthone,Chemical
sb8b00070,MeOH/H 2 O,Chemical
sb5b00199,MeOHâ€“MTBE,Chemical
sb8b00070,merosterol,Chemical
sb7b00247,Met293Thr,Chemical
sb400065q,Met355Leu,Chemical
sb7b00287,Met59,Chemical
sb3001326,Met63,Chemical
sb6b00378,meta-hydroxyphenylacetate,Chemical
sb400197f,metal-chelate,Chemical
sb6b00336,methanol/acetonitrile/H 2 O,Chemical
sb7b00292,methanol/acetonitrile/isopropanol,Chemical
sb8b00385,methanol/isopropanol,Chemical
"sb300128r, sb500296p, sb8b00361, sb9b00127, sb9b00318",methanol/water,Chemical
sb8b00057,methanolâ€“water,Chemical
sb5b00199,methanol-inducible,Chemical
sb6b00143,methionine-derived,Chemical
sb7b00428,methionine-histidine-rich,Chemical
sb7b00428,methionine-rich,Chemical
sb9b00217,methoxyamination,Chemical
sb6b00061,methyl)Â­phenols,Chemical
sb3001084,methyl)lanthionine,Chemical
sb6b00378,methylcytosines,Chemical
sb8b00525,methyl-DMAPP,Chemical
sb7b00461,methylguanylate,Chemical
sb8b00525,methyl-IPP,Chemical
sb6b00176,methylmalonyl-CoA-specific,Chemical
sb4000355,methylmalonyl-specific,Chemical
sb400070q,methylumbelliferyl-Î²-d-xyloside,Chemical
sb7b00425,metylbutyryl-CoA,Chemical
sb8b00258,"m-fluoro-d, l-phenyalanine",Chemical
sb400094c,Mg(OAc) 2,Chemical
sb7b00316,MgÂ­(Glu) 2,Chemical
"sb500249g, sb6b00245, sb6b00271",MgÂ­(OAc) 2,Chemical
sb9b00149,MgCl/MgSO 4,Chemical
sb7b00466,MG-CoA,Chemical
"sb400131a, sb400206c, sb5b00077, sb5b00296, sb8b00276, sb8b00430",Mg-glutamate,Chemical
"sb6b00230, sb8b00281",MgSO 4 Â·7H 2,Chemical
sb5002505,MH4,Chemical
sb7b00405,MHT,Chemical
sb7b00386,micropeptides,Chemical
"sb3000035, sb4001867, sb7b00386",microRNA,Chemical
"sb200001q, sb8b00530",microRNAs,Chemical
"sb3000035, sb8b00393",MicroRNAs,Chemical
"sb3000035, sb4001867, sb5b00180, sb7b00386, sb8b00393, sb9b00142",miRNA,Chemical
"sb3000035, sb5b00180, sb7b00303, sb7b00386, sb8b00393, sb8b00530",miRNAs,Chemical
sb9b00078,mmSNAC,Chemical
sb8b00364,MnADH,Chemical
sb8b00364,MnADH-,Chemical
"sb200019x, sb300014t, sb300068g, sb300110b, sb4000993, sb4001382, sb400158w, sb5b00012, sb5b00107, sb5b00129, sb5b00216, sb6b00061, sb6b00140, sb6b00159, sb7b00050, sb7b00086, sb7b00285, sb7b00331, sb8b00093, sb8b00102, sb8b00224, sb8b00239, sb8b00284, sb8b00356, sb8b00361, sb8b00372, sb8b00386, sb8b00479, sb8b00484, sb8b00528, sb9b00007, sb9b00060, sb9b00080, sb9b00217, sb9b00237, sb9b00280",MnCl 2,Chemical
"sb5b00099, sb5b00240, sb6b00052, sb6b00328, sb8b00317",MnSO 4 Â·H 2 O,Chemical
sb6b00371,molybdenumâ€“iron,Chemical
sb400182x,mono-(cNMP),Chemical
sb7b00256,mono-methionine,Chemical
sb8b00525,mono-methyl-carotenoid,Chemical
sb8b00368,monoubiquitylation,Chemical
sb8b00348,MOPS/NaOH,Chemical
"sb9b00060, sb9b00061",MOPS-KOH,Chemical
sb7b00447,MPAA,Chemical
sb5b00253,MsCl,Chemical
sb5b00253,Ms-Cl,Chemical
sb6b00387,MTCA,Chemical
sb6b00387,MTCA-,Chemical
sb6b00387,MTCAs,Chemical
"sb5b00119, sb8b00048",MTHF,Chemical
sb7b00072,MTXP,Chemical
sb8b00025,MUF,Chemical
sb8b00025,MUG,Chemical
sb7b00129,multihistidine,Chemical
"sb7b00397, sb8b00388",mycosporine-glycine,Chemical
sb8b00388,Mycosporines,Chemical
sb5b00119,myristoylated,Chemical
sb8b00348,N-(7-dimethylamino-4-methylcoumarin-3-yl)Â­maleimide,Chemical
sb8b00348,N-[2Â­(dansylamino)Â­ethyl]Â­maleimide,Chemical
sb8b00436,Na 2 B 4,Chemical
"sb300071a, sb3001003, sb6b00263",Na 2 B 4 O,Chemical
"sb5b00228, sb8b00361, sb8b00519",Na 2 B 4 O 7,Chemical
sb7b00281,Na 2 CO 3/NaHCO 3,Chemical
sb500234s,Na 2 HAsO 4,Chemical
"sb6b00374, sb8b00102, sb8b00215",Na 2 HPO,Chemical
sb5b00130,Na 2 HPOÂ·,Chemical
sb9b00007,Na 2 MO 4,Chemical
"sb400076r, sb5b00228",Na 2 PO 4,Chemical
sb5b00274,Na 2 S 2,Chemical
sb5b00274,Na 2 S 2 O 4,Chemical
sb9b00379,Na 2 WO 4 Â·2H 2,Chemical
sb7b00254,Na 3 C 6 H 5,Chemical
sb9b00358,Na 3 O 7,Chemical
sb6b00083,Naâ€“EDTA,Chemical
sb8b00113,Na-alginate,Chemical
sb8b00196,N-acetylglucosamine-6-phosphate,Chemical
sb400059y,N-acetylglutamyl-phosphate,Chemical
sb6b00392,N-acetyl-Ile-Glu-Pro-Asp-paranitroanilide,Chemical
sb8b00018,Na-deoxycholate,Chemical
sb200017p,NADH/H +,Chemical
sb8b00049,NADH/NAD,Chemical
"sb6b00135, sb7b00390, sb8b00109",NADH/NAD +,Chemical
sb8b00049,NADPH/NADP,Chemical
"sb6b00135, sb9b00042",NADPH/NADP +,Chemical
sb6b00188,NADPHî—¸were,Chemical
sb5b00274,NaDTT,Chemical
sb5b00103,NaEDTA,Chemical
sb5b00016,Na-EDTA,Chemical
"sb8b00116, sb9b00280",NaH 12 CO 3,Chemical
sb8b00525,NaH 2,Chemical
sb8b00348,NaH 2 PO 4/Na 2 HPO 4,Chemical
"sb8b00102, sb8b00284, sb8b00372, sb9b00077, sb9b00314",NaMoO 4,Chemical
sb6b00052,NaMoO 4 Â·2H,Chemical
"sb6b00053, sb7b00249, sb8b00116, sb8b00191, sb8b00199, sb8b00239, sb8b00372, sb9b00280",NaNO 3,Chemical
sb9b00131,nanowires,Chemical
"sb6b00222, sb6b00245, sb8b00421",NaOAc,Chemical
sb9b00127,NaOHâ€“DMSO,Chemical
"sb300014t, sb4000417, sb9b00047",NaPO 4,Chemical
sb9b00203,napthol,Chemical
sb7b00128,naringenin-containing,Chemical
sb7b00128,naringenin-coupled,Chemical
sb8b00372,NaSO 4,Chemical
sb400074w,N-benzoyl-2â€²-deoxy-4â€²-thioadenosine,Chemical
sb400156v,n-BuOH,Chemical
"sb6b00176, sb7b00466",n-butyryl-CoA,Chemical
sb6b00138,NcAA-tRNA,Chemical
sb8b00157,N-carbobenzoxy-l-glutaminylglycine,Chemical
sb7b00447,N-cysteinyl-containing,Chemical
sb7b00408,Nd:YAG,Chemical
sb9b00241,NdFeB,Chemical
sb400086p,N-dimethylnitrosoamine,Chemical
sb400086p,NDMN,Chemical
sb7b00265,n-dodecyl-Î²-d-maltopyranoside,Chemical
sb7b00265,n-dodecyl-Î²-d-maltoside,Chemical
sb6b00330,NDP-l-rhamnose,Chemical
sb9b00171,neoisoliquiritin,Chemical
sb9b00310,neomangiferin,Chemical
sb3001003,neomycin/ribostamycin,Chemical
sb3001003,neopentalenoketolactone,Chemical
sb3001003,neopentalenolactone,Chemical
sb8b00249,NH 4 Ac,Chemical
sb7b00331,NH 4 Cl (2),Chemical
sb400158w,NH 4 HCO 3,Chemical
sb5b00172,NH 4 HSO 4,Chemical
"sb8b00372, sb8b00489",NH 4 NO 3,Chemical
sb8b00498,NH 4 SO 4,Chemical
"sb400065q, sb500243c",n-hexanol,Chemical
sb8b00096,NÎµ-(tert-butyloxy-carbonyl)-l-lysine,Chemical
sb8b00421,NÎµ-monomethyl-l-lysine,Chemical
sb9b00338,NiÂ­(II)-NTA,Chemical
sb7b00281,Nickel-NTA,Chemical
sb9b00047,nickel-NTA,Chemical
sb7b00408,nicotinamine,Chemical
sb9b00131,nine-peptide,Chemical
"sb6b00166, sb9b00080",NiNTA,Chemical
sb6b00166,NiNTA-,Chemical
"sb200002m, sb200010w, sb300068g, sb4000355, sb4000417, sb400059y, sb4000977, sb4000993, sb400140t, sb400182x, sb500019b, sb500226j, sb500309r, sb500368w, sb5b00197, sb5b00249, sb5b00291, sb6b00027, sb6b00082, sb6b00138, sb6b00166, sb6b00176, sb6b00188, sb6b00292, sb6b00342, sb6b00348, sb6b00377, sb6b00392, sb7b00050, sb7b00144, sb7b00200, sb7b00265, sb7b00447, sb8b00119, sb8b00123, sb8b00124, sb8b00172, sb8b00176, sb8b00215, sb8b00224, sb8b00234, sb8b00241, sb8b00245, sb8b00305, sb8b00348, sb8b00365, sb8b00386, sb8b00415, sb8b00450, sb8b00466, sb8b00519, sb9b00047, sb9b00076, sb9b00106, sb9b00126, sb9b00131, sb9b00149, sb9b00163, sb9b00171, sb9b00223, sb9b00229, sb9b00292, sb9b00368",Ni-NTA,Chemical
"sb8b00274, sb9b00131",Ni-NTA-,Chemical
sb7b00285,Ni-NTA-Agarose,Chemical
sb6b00166,NiNTA-modified gold nanoparticles,Chemical
sb6b00288,nitrate/nitrite,Chemical
sb7b00413,nitrates/nitrogen,Chemical
sb8b00534,nitro-5-Me-Trp,Chemical
sb8b00534,nitro-containing,Chemical
sb8b00158,nitrogen-free,Chemical
sb400192a,nitropiperonylmethyloxycarbonyl,Chemical
sb400086p,nitrosoamines,Chemical
sb8b00534,Nitrotryptophan,Chemical
sb8b00534,nitro-tryptophan,Chemical
sb8b00534,nitrotryptophans,Chemical
sb400168u,N-methyl-arginine,Chemical
sb400168u,N-methylcysteine,Chemical
sb9b00068,N-methyldehydroalanine,Chemical
sb6b00038,N-methyl-l-valyl-l-tryptophanol,Chemical
sb400028c,n-methyl-pyrrolidinone,Chemical
sb400168u,N-methylthreonine,Chemical
sb3001326,NMI,Chemical
sb400168u,NMQ,Chemical
sb400168u,NMT,Chemical
sb8b00104,n-octyl-Î²-d-glucopyranoside,Chemical
sb8b00364,norÂ­(pseudo)Â­ephedrines,Chemical
sb8b00421,norborene,Chemical
sb3001003,nosokomycin,Chemical
sb6b00319,novclobiocic acid,Chemical
sb400065q,n-pentanol,Chemical
sb6b00245,n-propargyl-lysine,Chemical
"sb400140t, sb8b00135",NSAA,Chemical
sb8b00135,NSAA p-azido-l-phenylalanine,Chemical
sb400140t,NSAAs,Chemical
sb5b00172,nucleoside/tide,Chemical
sb8b00372,nucleotide-based,Chemical
sb7b00150,O2â€“N2,Chemical
sb7b00150,O6â€“N4,Chemical
sb6b00224,O6-methylG,Chemical
sb8b00509,octacyanomalybdate,Chemical
sb6b00174,octa-histidine,Chemical
sb400177x,octanolâ€“water,Chemical
"sb200018e, sb7b00264, sb9b00023",octapeptide,Chemical
sb500267d,octa-peptide,Chemical
sb500267d,octapeptides,Chemical
sb6b00230,o-dianisidine,Chemical
sb400168u,O-ethyltyrosine,Chemical
sb5b00276,of 2â€²-deoxy-7-deazaisoguanosine,Chemical
sb7b00041,Oleosin,Chemical
sb300122q,oligodeoxynucleotide,Chemical
sb7b00280,oligodeoxyribonucleotides,Chemical
"sb400019s, sb6b00194",oligoglycine,Chemical
sb400019s,oligoglycine (poly)peptide,Chemical
sb3001003,oligomcyin A,Chemical
sb6b00122,oligonucleotide-based,Chemical
sb7b00225,oligonucleotides/RNAs,Chemical
sb6b00323,o-nitrophenyl-Î²-D-galactopyranoside.,Chemical
sb6b00025,Organochlorines,Chemical
sb8b00215,organosulfates,Chemical
sb5b00073,ortho-nitrophenyl-Î²-galactoside,Chemical
sb9b00368,Oxo-(2-aminophenyl),Chemical
sb9b00368,oxo-(2-aminophenyl),Chemical
sb9b00368,oxo-(2-aminophenyl)-containing,Chemical
sb7b00405,oxo-C12-HSL,Chemical
sb8b00002,oxo-C6HSL,Chemical
sb8b00002,oxo-C6-HSL,Chemical
sb8b00002,oxo-C6-HSL.,Chemical
sb7b00405,oxo-C8-HSL,Chemical
sb7b00029,oxygen/ozone,Chemical
sb6b00138,oxygen/UV,Chemical
sb6b00392,P1-Gln,Chemical
sb8b00102,P4HB,Chemical
sb9b00013,PAA-CoA,Chemical
sb8b00260,p-acetyl-l-phenyalanine,Chemical
"sb400140t, sb7b00048, sb8b00260",p-acetyl-l-phenylalanine,Chemical
sb400140t,p-acetyl-l-phenylalanine.,Chemical
"sb6b00145, sb9b00051",p-acetylphenylalanine,Chemical
sb9b00051,pAcPhe,Chemical
sb300047u,PACS,Chemical
"sb6b00378, sb8b00153",palindromic,Chemical
sb7b00333,Palmitoyl-oleoyl-phosphatidylcholine,Chemical
sb4000788,Palmitoyl-palmitate,Chemical
sb9b00149,pamamycin,Chemical
sb9b00042,PanSH,Chemical
sb7b00034,Panthotenate,Chemical
sb7b00304,para-coumarate.,Chemical
sb5b00225,parathion-ethyl,Chemical
"sb400140t, sb6b00245, sb7b00316, sb8b00135, sb8b00260",p-azido-l-phenylalanine,Chemical
"sb500309r, sb6b00245, sb8b00100",p-azidophenylalanine,Chemical
sb8b00135,p-azido-phenylalanine,Chemical
sb3000063,PAzPC,Chemical
sb8b00380,PBr,Chemical
sb500309r,p-bromo-l-phenylalanine,Chemical
sb500273n,PCB-binding,Chemical
sb6b00145,p-Cl-Phe,Chemical
sb6b00145,p-Cl-phenylalanine,Chemical
sb6b00145,p-Cl-phenylalanine.,Chemical
sb8b00100,pCNF,Chemical
sb4001118,PCoA,Chemical
"sb7b00466, sb9b00212",p-CoA,Chemical
"sb4001273, sb7b00009",p-coumaroyl-CoA,Chemical
sb5b00286,p-coumaroyl-HSL,Chemical
sb8b00100,p-cyanophenylalanine,Chemical
sb8b00076,PDVA,Chemical
sb8b00421,PEG3000,Chemical
"sb6b00123, sb8b00176",PEG3350,Chemical
"sb500366v, sb7b00448",PEG-3350,Chemical
sb300028q,PEG400,Chemical
"sb5b00291, sb6b00028, sb9b00193",PEG4000,Chemical
sb9b00222,PEG6000,Chemical
"sb200016s, sb5b00296",PEG8000,Chemical
"sb4001992, sb6b00117, sb8b00300",PEG-8000,Chemical
sb400019s,PEG8000/NaCl,Chemical
sb7b00316,PEG-based,Chemical
sb7b00460,PEG-containing,Chemical
sb7b00447,PEG-peptide,Chemical
"sb5b00048, sb5b00141, sb6b00125, sb6b00313, sb7b00016, sb7b00105, sb7b00268, sb7b00302, sb7b00450, sb8b00528",penicillin/streptomycin,Chemical
"sb7b00303, sb8b00368, sb8b00530",Penicillin/Streptomycin,Chemical
"sb3000723, sb400081r",penicillin/streptomycin.,Chemical
"sb400128g, sb8b00330",penicillinâ€“streptomycin,Chemical
sb9b00074,penicillinâ€“streptomycinâ€“glutamine,Chemical
"sb6b00279, sb8b00356, sb9b00310",penicillin-streptomycin,Chemical
sb7b00375,Penicillin-Streptomycin,Chemical
sb8b00129,Penicillin-Streptomycin-Glutamine,Chemical
sb4001273,pentafluorophenylpropyl,Chemical
sb3001003,pentalenolactone-family,Chemical
sb3001003,pentalenolactones,Chemical
sb8b00225,pentamer,Chemical
sb9b00229,pentane/Et 2 O,Chemical
"sb5b00099, sb7b00037, sb9b00222",peptide-based,Chemical
sb500090b,peptide-binding,Chemical
sb6b00166,peptide-displaying,Chemical
sb7b00037,peptides/peptide,Chemical
sb9b00023,peptolides,Chemical
"sb400016j, sb400117c, sb500074a, sb500083t, sb500243c, sb5b00117, sb6b00013, sb6b00123, sb6b00263, sb6b00330, sb6b00337, sb6b00387, sb7b00056, sb7b00338, sb7b00396, sb8b00020, sb8b00360, sb8b00402, sb8b00478",peptone,Chemical
sb8b00386,Peptone,Chemical
sb8b00361,perhydrophenanthrene,Chemical
sb9b00292,pestalactam,Chemical
sb8b00258,"p-fluoro-d, l-phenyalanine",Chemical
sb5b00080,Phalloidin-Tetramethylrhodamine,Chemical
"sb7b00304, sb7b00331",pHBA,Chemical
sb7b00466,PHBV,Chemical
sb3000063,Phe128,Chemical
sb500309r,Phe258,Chemical
sb8b00084,Phe26,Chemical
sb9b00051,Phe261,Chemical
sb7b00247,Phe40Ser,Chemical
sb7b00199,Phe52,Chemical
sb3000063,Phe60,Chemical
sb3001326,Phe62,Chemical
sb3001326,Phe64,Chemical
sb400074w,Phe667,Chemical
sb5002399,Phe87,Chemical
sb9b00078,Phe99,Chemical
sb5b00197,Phe-AMP,Chemical
sb8b00157,Phe-Arg-Ala-Arg,Chemical
sb6b00328,Phe-based,Chemical
sb7b00293,phenazine-type,Chemical
sb9b00213,phenol/aTc,Chemical
"sb3000113, sb300069k, sb300120n, sb5b00197, sb6b00064, sb8b00018, sb8b00455",phenol/chloroform,Chemical
sb9b00222,Phenol/Chloroform,Chemical
sb3000113,phenol/chloroform-,Chemical
sb6b00085,phenol/chloroform/ISO,Chemical
sb8b00191,phenol/chlorophorm,Chemical
sb7b00450,Phenol/guanidin-isothiocyanat,Chemical
sb8b00234,phenol/isoamyl alcohol/chloroform,Chemical
sb7b00050,phenol:chloroform,Chemical
"sb5b00111, sb7b00138, sb8b00076, sb8b00421, sb9b00238",phenolâ€“chloroform,Chemical
sb5000115,phenolâ€“ethanol,Chemical
sb400112u,phenol-binding,Chemical
"sb400003y, sb4000977, sb6b00082, sb6b00087, sb6b00121, sb8b00238, sb8b00386, sb9b00075, sb9b00334",phenol-chloroform,Chemical
sb6b00271,phenol-chloroform-isoamyl,Chemical
"sb400112u, sb7b00331",phenol-dependent,Chemical
sb5b00287,phenol-derived,Chemical
sb400112u,phenol-generating,Chemical
sb9b00213,phenol-responsive,Chemical
sb400112u,phenol-tagged,Chemical
sb6b00143,phenylacetethiohydroximate,Chemical
sb7b00256,phenylalanine-derived desulfoglucosinolates,Chemical
sb7b00199,phenylboronate,Chemical
sb9b00123,phenylethanediol,Chemical
sb9b00123,Phenylethanediol,Chemical
sb9b00123,phenylethanediols,Chemical
sb3001003,pholipomycin,Chemical
"sb6b00030, sb6b00199, sb7b00046, sb7b00287, sb7b00322, sb8b00529, sb9b00120",phosphate-buffered,Chemical
sb3000063,phosphate-choline,Chemical
sb7b00265,phosphatidylglycerol-3-phosphate,Chemical
sb8b00199,phosphoanhydride,Chemical
sb8b00048,phosphoanhydrides,Chemical
sb6b00038,phosphoÂ­pantetheinyl,Chemical
sb8b00116,phosphoenolpyruvate-oxaloacetate-malate-pyruvate,Chemical
sb8b00091,phosphopantetheinyl,Chemical
sb400140t,phosphoproteins,Chemical
sb5b00034,phosphoramadites,Chemical
sb5b00276,phosphoramidite-based,Chemical
sb5b00172,phosphoramidites-based,Chemical
sb3000904,phosphoribosylanthranilate,Chemical
sb6b00310,phosphothreonine-binding,Chemical
sb7b00029,phosphotrioses,Chemical
sb8b00380,p-hydroxbenzoate,Chemical
sb300128r,p-hydroxyphenylacetaldoxime,Chemical
sb300128r,p-hydroxyphenylacetonitrile,Chemical
sb300128r,p-hydroxyphenylacetonitrile. p-Hydroxymandelonitrile,Chemical
sb8b00385,phytoene-analogue,Chemical
sb9b00118,PI(4)Â­P,Chemical
sb8b00199,Pi-containing,Chemical
sb5b00073,p-iminoquinone,Chemical
sb6b00205,p-isopropylbenzoate,Chemical
sb3001003,pladienlide,Chemical
sb3001003,pladienolide,Chemical
sb7b00304,plamitate,Chemical
sb8b00372,platinumâ€“gold,Chemical
sb8b00274,p-MBA,Chemical
sb8b00119,pMHC,Chemical
sb8b00104,PMOXAâ€“PDMS,Chemical
sb6b00377,PMVA,Chemical
sb400112u,p-nitrophenyl-cellobioside,Chemical
sb400070q,p-nitrophenyl-Î²-d-glucopyranoside,Chemical
sb6b00263,p-nitrophenyl-Î²-D-glucuronide,Chemical
sb7b00398,p-nitrophenyl-Î²-d-glucuronide,Chemical
sb400070q,p-nitrophenyl-Î²-d-xylopyranoside,Chemical
sb5b00228,p-nitrophenyl-Î²-xylopyranoside,Chemical
sb9b00168,pNP-Î±-GalNAc,Chemical
sb300069k,poly(A)-binding,Chemical
sb7b00466,poly-3-hydroxybutyrate-co-3-hydroxyvalerate,Chemical
sb7b00157,poly3-hydroxybutyrate-co-4-hydroxybutyrate,Chemical
sb8b00104,polyÂ­(2-methyloxazoline)-block-polyÂ­(dimethylsiloxane)-block-polyÂ­(2-methyloxazoline),Chemical
sb8b00102,polyÂ­(3-hydroxybutyrate-co,Chemical
"sb6b00374, sb8b00102",polyÂ­(3-hydroxybutyrate-co-4-hydroxybutyrate),Chemical
sb7b00383,polyÂ­(6X,Chemical
sb7b00383,polyÂ­(6X)Â­Cys,Chemical
sb7b00383,polyÂ­(6X)Â­His,Chemical
sb300053s,polyalanine,Chemical
sb7b00101,polychloro-p-xylylene,Chemical
"sb400076r, sb5b00172, sb5b00197, sb5b00266, sb6b00392, sb7b00303, sb7b00450, sb8b00153, sb8b00330, sb8b00512, sb9b00127, sb9b00203",polyethylenimine,Chemical
sb300053s,polyglutamine,Chemical
"sb3001326, sb5b00291, sb6b00174, sb7b00396, sb7b00447, sb8b00215, sb9b00223",polyhistidine,Chemical
sb9b00018,polyhistidine-,Chemical
sb6b00388,polyhistidine-tag,Chemical
sb6b00388,polyhistitine-,Chemical
sb3001003,polyketide-peptide,Chemical
sb8b00525,polymethylated,Chemical
sb6b00117,polyoxometalate,Chemical
sb400176e,polypeptide-encoding,Chemical
sb7b00383,polypeptide-tagged,Chemical
sb5b00246,POP1,Chemical
sb5b00246,POP2,Chemical
sb7b00264,POPB,Chemical
sb400094c,POPC,Chemical
sb7b00460,POPC)/-palmitoyl-2-oleoyl-sn-glycero-3-phospho-(1â€²-rac-glycerol),Chemical
sb7b00460,POPC.,Chemical
sb6b00189,POPC/,Chemical
sb8b00372,ppGpp,Chemical
"sb400140t, sb8b00260",p-propargyloxy-l-phenylalanine,Chemical
sb3001003,prasinomycin,Chemical
sb7b00264,precursor peptide,Chemical
sb500019b,prenylagaramide,Chemical
sb500019b,prenylagaramides,Chemical
sb6b00140,prenylpyrophosphate,Chemical
sb6b00140,prenylpyrophosphates,Chemical
sb3001084,prepeptide,Chemical
sb6b00085,prepeptides,Chemical
"sb6b00245, sb7b00019",PrK,Chemical
sb7b00117,Pro2,Chemical
sb8b00084,Pro25,Chemical
sb5b00131,Pro75Leu,Chemical
sb500226j,Pro96,Chemical
sb8b00076,proÂ­deoxyÂ­violacein,Chemical
sb9b00080,prochlorosin,Chemical
sb9b00080,prochlorosins,Chemical
sb8b00076,prodeoxyÂ­violacein,Chemical
"sb6b00123, sb6b00149, sb6b00350, sb8b00076, sb8b00360",prodeoxyviolacein,Chemical
"sb5b00016, sb7b00099",prodiginine,Chemical
sb7b00099,prodiginines,Chemical
sb7b00099,Prodiginines,Chemical
sb7b00099,Prodiginines Prodiginines,Chemical
"sb7b00099, sb9b00108",prodiginines.,Chemical
sb7b00099,prodignines,Chemical
sb7b00214,proline-alanine,Chemical
"sb200010w, sb6b00143",proline-rich,Chemical
sb6b00145,prolyl-tRNAs,Chemical
sb8b00429,propanyol-CoA,Chemical
sb6b00245,Propargyl-l-lysine,Chemical
sb7b00019,Propargyl-L-Lysine,Chemical
sb7b00019,propargyl-l-lysine,Chemical
sb9b00078,propargylmalonyl-CoA,Chemical
"sb3001084, sb4000367, sb5b00099, sb6b00392, sb8b00157, sb8b00442",propeptide,Chemical
sb8b00442,pro-peptide,Chemical
sb8b00442,Pro-peptide,Chemical
sb8b00157,pro-peptide.,Chemical
sb6b00085,pro-peptides,Chemical
sb8b00396,propionate-supplemented,Chemical
sb8b00396,propionylation,Chemical
sb8b00396,propionyl-lysine,Chemical
sb9b00105,prositagliptin,Chemical
sb5b00069,proteolipid,Chemical
sb8b00135,Pt/Pd,Chemical
sb8b00199,Pt-dependent,Chemical
sb5b00025,pterin-dependent,Chemical
sb5b00253,Pu-Px-Pu/Py-Ds-Py,Chemical
sb8b00480,purineâ€“pyrimidine,Chemical
"sb8b00136, sb9b00061",purine-rich,Chemical
sb7b00209,Puromycin/Blasticidin,Chemical
sb7b00209,Puromycin/Ganciclovir/,Chemical
sb7b00037,PyBOP,Chemical
sb4000417,pyocins,Chemical
sb5b00253,Py-Px-Py/Pu-Ds-Pu,Chemical
sb9b00208,pyreneâ€“thymine,Chemical
sb9b00102,pyridine/methanol/water,Chemical
sb8b00062,pyrimidine/purine,Chemical
sb8b00480,pyrimidineâ€“purine,Chemical
sb8b00480,pyrimidineâ€“pyrimidine,Chemical
sb6b00199,"pyrimidoÂ­[4,5-d ]Â­pyrimidine-2,4-diamine",Chemical
sb8b00479,pyrodoxine,Chemical
sb7b00099,pyrrole-precursor,Chemical
sb500296p,pyrrolocin,Chemical
sb500296p,pyrrolocin A,Chemical
sb500296p,pyrrolocins,Chemical
sb7b00086,pyruvate/PEP,Chemical
sb9b00155,pyruvate-to-ethanol,Chemical
sb7b00339,QA,Chemical
sb8b00021,quanidinium hydrocholoride,Chemical
sb3001003,quebemycin,Chemical
sb9b00368,quinazolinediones,Chemical
sb8b00498,quinol:NAD +,Chemical
sb9b00368,quinoline-derived,Chemical
"sb6b00230, sb8b00345",R-(âˆ’)-3-hydroxybutyryl-CoA,Chemical
sb8b00274,"R)-1-phenylpropane-1,2-diol",Chemical
sb6b00282,Raffinose/d-Galactose,Chemical
sb8b00364,randolazine,Chemical
sb300120n,Rb8X,Chemical
sb3000063,RCOO-NH-,Chemical
sb8b00450,ReAsH,Chemical
sb6b00145,residuesî—¸Y39,Chemical
sb7b00249,reveromycins,Chemical
"sb9b00108, sb9b00195",rhamnolipids,Chemical
sb8b00018,rhodamine-conjugated,Chemical
sb3000063,rhodamine-dextran,Chemical
sb3000063,rhodamine-dextrane,Chemical
sb9b00105,rhodium-based,Chemical
sb8b00093,riboseî—¸as,Chemical
sb6b00064,rifampicin/cephalexin,Chemical
"sb8b00093, sb8b00481",Ru5P,Chemical
sb8b00093,RuMP,Chemical
sb9b00120,"S-(2,2,5,5-tetraÂ­methyl-2,5-dihydro-1 H-pyrrol-3-yl)Â­methylÂ­methaneÂ­sulfonoÂ­thioate",Chemical
sb5b00073,S-(fâ€²-deoxyadenosin-5â€²)-l-homocysteine,Chemical
sb9b00261,"S)-1,5,6,15-tetrahydroxy-14,19-diacetyloxylatiserene",Chemical
sb9b00123,S)-phenylethanediol,Chemical
sb3001084,S-[(Z)-2-aminovinyl]-3-(S)-d-cysteine,Chemical
sb4001273,Sâ€adenosylmethionine,Chemical
sb400115e,sabinane,Chemical
sb200018e,saclofen,Chemical
sb6b00387,safracin,Chemical
sb6b00387,saframycin,Chemical
sb7b00256,S-alkylthiohydroxamates,Chemical
sb6b00143,S-alkythiohydroximate,Chemical
sb7b00425,SCB2+Na,Chemical
sb6b00371,SC-His-Leu-Trp-Ura,Chemical
sb7b00290,Ser/Sec-tRNA,Chemical
sb5b00197,Ser/Thr/3,Chemical
sb7b00117,Ser5,Chemical
sb400065q,Ser880Pro,Chemical
sb7b00086,serineî—¸within,Chemical
sb8b00226,serine-proline-(SP,Chemical
sb9b00080,serines/threonines,Chemical
sb400115e,sesquiterpenol,Chemical
sb400115e,sesquiterpenols,Chemical
sb7b00256,SFN,Chemical
sb7b00363,shearinine,Chemical
sb3001003,shikimate-derived,Chemical
sb5b00025,S-hydroxystrictosidine,Chemical
sb6b00002,Siâ€“OH,Chemical
sb6b00353,simocyclinone,Chemical
sb9b00131,six-histidine,Chemical
sb8b00309,SMCFA,Chemical
sb8b00157,sodium-HEPES,Chemical
sb9b00106,sorbicillinol,Chemical
sb300080t,spectinomycin/ampicillin,Chemical
"sb8b00437, sb9b00334",spectinomycin/streptomycin,Chemical
sb300080t,spectinomycin/zeocin,Chemical
sb6b00330,spinosyn-CH,Chemical
sb9b00261,spiramines,Chemical
sb8b00250,spiropyrans,Chemical
"sb4000959, sb6b00261, sb6b00374, sb7b00185, sb9b00165",sRNA,Chemical
"sb200001q, sb4000959, sb6b00261, sb7b00185, sb7b00322, sb7b00440, sb9b00165",sRNAs,Chemical
sb4001992,ssDNA/LiAc/PEG,Chemical
sb9b00241,ssRNA,Chemical
sb8b00249,S-sulfo-cysteine,Chemical
"sb6b00271, sb7b00144",streptavidin,Chemical
sb8b00130,succinate/malate,Chemical
sb9b00417,sucrose/d-glucose,Chemical
sb7b00399,sucrose/water,Chemical
sb4001307,sulfate-reducing,Chemical
sb6b00138,sulfo-Cy5,Chemical
sb6b00138,sulfo-Cy5-,Chemical
sb6b00138,sulfo-Cy5-tet,Chemical
sb6b00138,sulfo-Cy5-tetrazine,Chemical
sb9b00368,sulfonation,Chemical
sb9b00126,sulfur-dependent,Chemical
sb9b00126,sulfur-free,Chemical
sb6b00143,sulfur-rich,Chemical
sb8b00249,sulfydryl,Chemical
sb9b00280,synechoxanthin,Chemical
sb7b00428,syringaldazine,Chemical
sb8b00509,T1Cu,Chemical
sb6b00138,TAG-containing,Chemical
"sb6b00245, sb7b00100",TAMRA-DIBO,Chemical
sb8b00368,TAMRA-labeled,Chemical
sb6b00138,TAMRA-tetrazine,Chemical
sb9b00368,taromycin,Chemical
"sb4001273, sb4001382, sb5b00161, sb5b00303, sb6b00154, sb6b00202, sb7b00256, sb9b00077",taxadiene,Chemical
sb5b00253,TBAF,Chemical
sb300122q,TBE-urea,Chemical
sb5b00253,TBS-Cl,Chemical
sb8b00070,t-BuOOH,Chemical
sb400147n,TCP assembled,Chemical
sb9b00368,TDO2,Chemical
"sb5b00253, sb5b00276, sb6b00245, sb7b00397",TEAA,Chemical
sb5b00253,TEAB,Chemical
sb8b00398,terpene-based,Chemical
sb400115e,terpenols,Chemical
sb8b00258,terperiod-quinones,Chemical
"sb7b00214, sb7b00431",TES-NaOH,Chemical
"sb6b00080, sb8b00361",tetarimycin A,Chemical
sb6b00080,Tetarimycin A,Chemical
sb8b00145,tetracycline/doxycycline,Chemical
sb500270h,Tetracycline-Dependent,Chemical
sb500270h,tetracycline-dependent,Chemical
sb7b00281,tetracycline-free,Chemical
"sb400142b, sb7b00400, sb8b00450",tetracysteine,Chemical
"sb400142b, sb8b00450",tetracysteine-,Chemical
sb400142b,tetracysteine-motif,Chemical
sb400028c,tetrafluoroethane,Chemical
sb9b00219,tetraglucoside,Chemical
sb9b00219,tetraglucosides,Chemical
sb9b00219,tetraglucosides.,Chemical
sb6b00374,tetraheme,Chemical
sb4001382,tetrahydrodicyclopentadiene,Chemical
sb5b00092,tetrahydrofuran/methanol,Chemical
sb5b00092,tetrahydrofuran/water,Chemical
sb5002505,tetrahydropterine,Chemical
sb5b00253,tetrakisÂ­(triphenylphosphine)Â­palladium,Chemical
sb5b00253,tetrakisÂ­(triphenylphosphine)palladium,Chemical
sb300042w,tetramethylbenzidine,Chemical
sb200010w,tetramethylrhodamine-maleimide,Chemical
sb7b00356,tetranucleotide,Chemical
sb6b00245,tetrazine/alkene,Chemical
sb6b00245,tetrazine-/norbornene,Chemical
sb8b00421,tetrazine-functionalized,Chemical
sb8b00396,TFA/H2O,Chemical
sb7b00375,tGSH,Chemical
sb8b00484,ThCl 4,Chemical
"sb7b00356, sb9b00163",theophylline-binding,Chemical
sb500062p,theophylline-dependent aptazymes,Chemical
sb300071a,Thiaisoleucine,Chemical
sb6b00115,thiamineÂ·HCl,Chemical
sb7b00072,thiamine-free,Chemical
sb500267d,thiazolÂ­(in)Â­e/oxazolÂ­(in)Â­e,Chemical
"sb7b00447, sb9b00008",thioester-containing,Chemical
sb8b00113,Thioglycate,Chemical
sb7b00256,thiohydroxamates,Chemical
sb7b00375,thiolâ€“disulfide,Chemical
sb7b00383,thiolâ€“gold,Chemical
"sb6b00230, sb8b00345",thiolase,Chemical
sb7b00383,thiolated,Chemical
sb8b00215,thiol-dependent,Chemical
sb6b00319,thiopeptide,Chemical
sb3000657,Thr13,Chemical
sb400065q,Thr495Ala,Chemical
sb7b00287,Thr54,Chemical
sb400133g,threonine/methionine,Chemical
sb8b00045,Thylakoids,Chemical
sb7b00007,Ti:Au,Chemical
sb6b00002,Ti:sapphire,Chemical
sb5b00174,Tis-EDTA,Chemical
sb8b00225,TMA-DPH,Chemical
sb8b00274,TMBZ,Chemical
"sb400158w, sb500319p",TMS-diazomethane,Chemical
sb8b00331,TNB2,Chemical
sb7b00208,tocilizumab,Chemical
sb300128r,toluene/EtOAc/methanol,Chemical
sb8b00164,tolueneâ€“benzene,Chemical
sb500243c,trans-2-butenoyl-CoA,Chemical
sb500319p,trans-2-enoyl-ACP,Chemical
sb8b00348,trans-C4-dicarboxylates,Chemical
sb6b00138,trans-cyclooct-2-ene-lysine,Chemical
sb8b00348,trans-dicarboxylates,Chemical
sb9b00280,trans-Î²-apo-8â€²-carotenal,Chemical
sb8b00234,triacylglyceride,Chemical
sb5b00100,triacylglycerides,Chemical
sb5b00100,triacylglycerides.,Chemical
sb9b00393,triaminotrinitrobenzene,Chemical
sb9b00219,triandrin,Chemical
sb9b00219,Triandrin,Chemical
sb9b00321,Triangle,Chemical
sb8b00385,triene,Chemical
sb8b00134,triethylamineacetate,Chemical
sb4000788,trifluortoluene,Chemical
sb400160m,Tri-HCl,Chemical
sb7b00281,trimethylated,Chemical
sb8b00402,trimethylrhamnose,Chemical
sb8b00176,trimethylsilylated,Chemical
sb8b00176,trimethylsilylated.,Chemical
sb9b00217,trimethylsilylation.,Chemical
sb8b00402,tri-O-methylrhamnose,Chemical
sb8b00393,TRIS)-acetate-phosphate,Chemical
sb7b00108,Tris/Borate/EDTA,Chemical
"sb4000417, sb8b00348, sb9b00232",Tris/glycine,Chemical
sb400077j,Tris/Glycine,Chemical
"sb4001382, sb400205x, sb5b00002, sb6b00377, sb7b00265, sb7b00356, sb8b00176, sb8b00224",Tris/HCl,Chemical
"sb5b00034, sb6b00027, sb7b00050, sb8b00091, sb8b00348, sb9b00080, sb9b00120, sb9b00169",trisÂ­(2-carboxyethyl)Â­phosphine,Chemical
sb6b00330,trisÂ­(2-carboxyethyl)-phosphine,Chemical
"sb7b00101, sb9b00280",TrisÂ­(hydroxymethyl)Â­aminomethane,Chemical
"sb400140t, sb6b00083, sb6b00174, sb6b00330, sb6b00348, sb7b00089, sb8b00007, sb8b00484, sb9b00060, sb9b00169, sb9b00255",Trisâ€“HCl,Chemical
sb6b00174,Trisâ€“KCl,Chemical
"sb8b00345, sb9b00208",TrisÂ·HCl,Chemical
sb9b00293,Tris-Acetate-EDTA,Chemical
sb8b00224,Tris-BICINE,Chemical
"sb6b00121, sb7b00101",Tris-Borate,Chemical
"sb7b00101, sb8b00372",Tris-Borate-EDTA,Chemical
"sb7b00099, sb7b00100, sb7b00408, sb7b00462",Tris-buffered,Chemical
"sb3000436, sb400131a, sb500363y, sb5b00038, sb5b00062, sb5b00303, sb6b00121, sb7b00200, sb8b00330, sb8b00478",Tris-Cl,Chemical
"sb5b00299, sb6b00083, sb6b00271, sb8b00121, sb9b00375",tris-EDTA,Chemical
sb6b00142,Tris-Gly,Chemical
"sb400065q, sb7b00448, sb8b00226",Tris-glycine,Chemical
"sb6b00115, sb8b00002, sb8b00036, sb8b00119",Tris-Glycine,Chemical
sb7b00108,Tris-Glycine-SDS,Chemical
sb500302y,Tris-HCI,Chemical
"sb3000063, sb9b00080",TrisHCl,Chemical
"sb200021s, sb3000063, sb300042w, sb3000436, sb300047u, sb300053s, sb300055e, sb300069k, sb300120n, sb300128r, sb4000096, sb4000355, sb400059y, sb400065q, sb400074w, sb400076r, sb4000977, sb4001118, sb400133g, sb400140t, sb400142b, sb400156v, sb400160m, sb400197f, sb4001992, sb500055u, sb5000884, sb500221v, sb500243c, sb500249g, sb500252a, sb500270h, sb500302y, sb500341a, sb500368w, sb5b00054, sb5b00073, sb5b00080, sb5b00119, sb5b00172, sb5b00197, sb5b00216, sb5b00231, sb5b00240, sb5b00249, sb5b00274, sb5b00279, sb5b00291, sb5b00299, sb6b00010, sb6b00027, sb6b00040, sb6b00052, sb6b00082, sb6b00085, sb6b00087, sb6b00115, sb6b00138, sb6b00140, sb6b00143, sb6b00145, sb6b00187, sb6b00194, sb6b00245, sb6b00250, sb6b00254, sb6b00271, sb6b00284, sb6b00292, sb6b00323, sb6b00342, sb6b00366, sb6b00370, sb6b00371, sb6b00387, sb7b00029, sb7b00050, sb7b00059, sb7b00089, sb7b00101, sb7b00108, sb7b00117, sb7b00128, sb7b00129, sb7b00144, sb7b00167, sb7b00200, sb7b00208, sb7b00214, sb7b00225, sb7b00249, sb7b00280, sb7b00290, sb7b00303, sb7b00356, sb7b00373, sb7b00425, sb7b00431, sb7b00447, sb7b00460, sb7b00462, sb8b00036, sb8b00047, sb8b00055, sb8b00070, sb8b00075, sb8b00088, sb8b00124, sb8b00134, sb8b00158, sb8b00172, sb8b00176, sb8b00188, sb8b00224, sb8b00238, sb8b00241, sb8b00245, sb8b00261, sb8b00330, sb8b00331, sb8b00333, sb8b00342, sb8b00361, sb8b00372, sb8b00393, sb8b00396, sb8b00415, sb8b00436, sb8b00442, sb8b00452, sb8b00455, sb8b00465, sb8b00470, sb8b00481, sb8b00513, sb8b00519, sb8b00528, sb8b00534, sb9b00008, sb9b00019, sb9b00023, sb9b00062, sb9b00077, sb9b00078, sb9b00102, sb9b00142, sb9b00149, sb9b00150, sb9b00155, sb9b00171, sb9b00178, sb9b00187, sb9b00215, sb9b00222, sb9b00232, sb9b00291, sb9b00314, sb9b00318, sb9b00437",Tris-HCl,Chemical
"sb400147n, sb500319p",Tris-SO 4,Chemical
sb9b00131,Tris-Tricine,Chemical
sb9b00204,TRITC-labeled,Chemical
sb6b00085,Triton/SDS,Chemical
sb7b00280,tRNA/aa,Chemical
sb9b00013,tropolonoid,Chemical
sb9b00013,tropolonoids,Chemical
sb9b00013,Tropolonoids,Chemical
sb9b00013,tropolonoids.,Chemical
sb7b00199,Trp125,Chemical
sb7b00199,Trp79,Chemical
sb5002856,TrpR,Chemical
sb9b00224,Trp-Ura,Chemical
"sb500019b, sb500267d",trunkamide,Chemical
sb7b00264,tryptathionine,Chemical
"sb300047u, sb300071a, sb3000782, sb3000832, sb400050k, sb400069w, sb400077j, sb400110j, sb400140t, sb400182x, sb400194g, sb5002505, sb500302y, sb5b00092, sb5b00217, sb5b00228, sb6b00040, sb6b00052, sb6b00053, sb6b00060, sb6b00061, sb6b00105, sb6b00121, sb6b00149, sb6b00154, sb6b00167, sb6b00177, sb6b00184, sb6b00233, sb6b00261, sb6b00281, sb6b00287, sb6b00320, sb6b00321, sb6b00342, sb7b00009, sb7b00058, sb7b00086, sb7b00099, sb7b00102, sb7b00117, sb7b00129, sb7b00136, sb7b00229, sb7b00269, sb7b00285, sb7b00322, sb7b00385, sb7b00406, sb7b00424, sb7b00425, sb7b00448, sb8b00047, sb8b00055, sb8b00070, sb8b00075, sb8b00093, sb8b00102, sb8b00121, sb8b00134, sb8b00136, sb8b00158, sb8b00164, sb8b00196, sb8b00215, sb8b00227, sb8b00234, sb8b00252, sb8b00258, sb8b00274, sb8b00276, sb8b00339, sb8b00342, sb8b00361, sb8b00372, sb8b00380, sb8b00381, sb8b00426, sb8b00430, sb8b00448, sb8b00465, sb8b00466, sb8b00472, sb8b00479, sb8b00521, sb9b00013, sb9b00024, sb9b00060, sb9b00061, sb9b00077, sb9b00102, sb9b00149, sb9b00261, sb9b00291, sb9b00314",tryptone,Chemical
"sb7b00419, sb8b00326",tryptone peptone,Chemical
sb6b00060,tryptone-glucose-,Chemical
"sb6b00122, sb7b00366",tryptone-peptone,Chemical
sb8b00273,tryptophan-encoding,Chemical
sb7b00214,tungsten-halogen,Chemical
sb6b00061,twin-arginine,Chemical
sb8b00530,Typsin-EDTA,Chemical
sb9b00051,Tyr39,Chemical
sb7b00199,Tyr52Phe,Chemical
sb3001326,Tyr64,Chemical
sb3001326,Tyr66,Chemical
sb7b00287,Tyr69,Chemical
sb8b00455,tyrosine/leucine/histidine,Chemical
sb4000806,tyrosine/phenylalanine,Chemical
sb300128r,tyrosine-derived,Chemical
sb8b00204,tyrosyl-RS,Chemical
sb6b00053,Tyr-Ser-Tyr-Glu-His,Chemical
sb8b00484,U/Zn/Cu/Pb,Chemical
sb9b00318,UDP-activated,Chemical
sb9b00215,UDP-Gal,Chemical
sb5b00037,UO 2 (OAc) 2,Chemical
sb8b00484,U-phosphate,Chemical
"sb300069k, sb5b00240, sb8b00245",uracil-containing,Chemical
sb4001307,Uranium-reducing,Chemical
sb500252a,urea-SDS,Chemical
sb5b00296,UTP-fluorescein,Chemical
sb400168u,Val/Trp4,Chemical
sb6b00328,Val35,Chemical
sb400168u,Val4,Chemical
sb400065q,Val448Ala,Chemical
sb3000904,Val50,Chemical
sb7b00287,Val66,Chemical
sb6b00121,vinylidene-difluoride,Chemical
sb7b00144,water/acetone,Chemical
"sb7b00265, sb7b00408",water/acetonitrile,Chemical
sb8b00055,water/acetonitrile/phosphoric acid,Chemical
"sb3000113, sb500300d, sb5b00051, sb6b00250, sb9b00274",water-in-oil,Chemical
"sb8b00345, sb9b00126",water-insoluble,Chemical
sb9b00171,weighteone,Chemical
sb9b00127,WGA,Chemical
sb300120n,wRb,Chemical
sb8b00070,xiamenmycin,Chemical
sb8b00070,xiamenmycin A,Chemical
sb8b00070,xiamenmycin B,Chemical
sb9b00217,xyllulose-5-phosphate,Chemical
sb400070q,xylose/glucose,Chemical
sb8b00481,xylose/methanol,Chemical
sb9b00217,xyloseî—¸the,Chemical
sb400205x,YF1,Chemical
sb9b00310,zacopride,Chemical
sb3000657,zeaxanthin-Î²-d-diglucoside,Chemical
sb8b00157,Z-Gln-Gly,Chemical
sb9b00222,Z-Gly-Gly-Arg-AMC,Chemical
sb7b00292,zinc-supplemented,Chemical
sb9b00368,zirconia,Chemical
sb5b00062,zirconia/silica,Chemical
sb8b00484,Zn/Pb,Chemical
sb8b00372,ZnCl,Chemical
sb6b00052,ZnSO 4 Â·,Chemical
